id,title_ja,title_kana,title_romaji,title_en,aliases,media_type,release_start,release_end,episode_count,runtime_min,series_id,season_number,genres,tags,target_demographic,setting,era,themes,original_type,original_title,original_author,original_artist,original_publisher,original_label,original_magazine,original_platform,animation_studio,co_animation_studio,animation_cooperation,production_name,production_committee,production_members,production_lead_company,planning,executive_producers,producers,animation_producers,line_producers,director,chief_director,series_composition,character_original_design,character_design,music,sound_director,staff,characters,opening_themes,ending_themes,insert_songs,music_production,soundtrack_label,broadcast_networks,broadcast_slots,streaming_services,film_distributor,theatrical_release_date,relations,episodes,episode_staff,awards,synopsis,image_url,official_url,official_x,official_youtube,official_other,external_ids,updated_at
A00000001,スプリガン,,,,,MOVIE,,,,,,,,,,,,,,,,,,,,,,,,,,,,,,,,,,,,,,,,,,,,,,,,,,,,,,,,,,,,,,discovery-key::776baf913267cf1e7907ffd3af66b25f70731c773071818fc528b50ee99d41f9,2026-09-12
A00000002,ワンダーエッグ・プライオリティ,,,,,TV,,,,,,,,,,,,,,,,,,,,,,,,,,,,,,,,,,,,,,,,,,,,,,,,,,,,,,,,,,,,,,discovery-key::349b0a8c5b2f5789e54c0a93fa8a677ef2e72aa475a7e68c06bf94abad180a3d,2026-09-12
A00000003,東京リベンジャーズ,,,,,TV,,,,,,,,,,,,,,,,,,,,,,,,,,,,,,,,,,,,,,,,,,,,,,,,,,,,,,,,,,,,,,discovery-key::6ec59276ce0984817ea05015ad5392e5aaf2252dcc01d4f3418420f47f2f24b0,2026-09-12
A00000004,劇場版 ハイスクール・フリート,,,,,MOVIE,,,,,,,,,,,,,,,,,,,,,,,,,,,,,,,,,,,,,,,,,,,,,,,,,,,,,,,,,,,,,,discovery-key::74aa8d4515724f8b27cde5e7e165be2bfb799fe1e639d1a97847b69593da6dcd,2026-09-12
A00000005,魔法少女サイト,,,,,TV,,,,,,,,,,,,,,,,,,,,,,,,,,,,,,,,,,,,,,,,,,,,,,,,,,,,,,,,,,,,,,discovery-key::2da3d2a34af1ad6a8b20acd838c626c186cb049a6892d8b78c58306a9a32d034,2026-09-12
A00000006,ランウェイで笑って,,,,,TV,,,,,,,,,,,,,,,,,,,,,,,,,,,,,,,,,,,,,,,,,,,,,,,,,,,,,,,,,,,,,,discovery-key::d730297d7055fa8441ed99f707e624d1cd7b81c933ee5fb916e4a0e7f9a8de1c,2026-09-12
A00000007,舞妓さんちのまかないさん,,,,,TV,,,,,,,,,,,,,,,,,,,,,,,,,,,,,,,,,,,,,,,,,,,,,,,,,,,,,,,,,,,,,,discovery-key::30fe6f376ae1732ac1f3287aebe08a6be0a01b6e88d5550e5092cd3087bf51d2,2026-09-12
A00000008,ひだまりスケッチ,,,,,TV,,,,,S6209f358f2e9be14915ffb2de229e000530d5dba18c3a16282d9d9a493104289,,,,,,,,,,,,,,,,,,,,,,,,,,,,,,,,,,,,,,,,,,,,,,,,,,,,,,,,,discovery-key::e116a1743151aeb89f604d2021b23d7d7603a0fee2a66a2f4b7ec99d0993795d,2026-09-12
A00000009,城下町のダンデライオン,,,,,TV,,,,,,,,,,,,,,,,,,,,,,,,,,,,,,,,,,,,,,,,,,,,,,,,,,,,,,,,,,,,,,discovery-key::baaa876aafe672a5fe541e4470feac9df19f644c7f501a70835ddaadbde3550e,2026-09-12
A00000010,アリスと蔵六,,,,,TV,,,,,,,,,,,,,,,,,,,,,,,,,,,,,,,,,,,,,,,,,,,,,,,,,,,,,,,,,,,,,,discovery-key::52d18e02bbed20d75941dab055d138d0327e87ea8c58d393ebd5e9cae27dd586,2026-09-12
A00000011,キミと僕の最後の戦場、あるいは世界が始まる聖戦,,,,,TV,,,,,,,,,,,,,,,,,,,,,,,,,,,,,,,,,,,,,,,,,,,,,,,,,,,,,,,,,,,,,,discovery-key::2db09b5f7e8a5bd9e7ba8e4a82858da2a11bb9765ece53ee6cf96c57ba9b77a8,2026-09-12
A00000012,ちょびっツ,,,,,TV,,,,,,,,,,,,,,,,,,,,,,,,,,,,,,,,,,,,,,,,,,,,,,,,,,,,,,,,,,,,,,discovery-key::9a4f3a37a5d19b0c222103b90e855ec1a0e1e051b341921707158ba8056546dc,2026-09-12
A00000013,SHAMAN KING,,,,,TV,,,,,,,,,,,,,,,,,,,,,,,,,,,,,,,,,,,,,,,,,,,,,,,,,,,,,,,,,,,,,,discovery-key::93c588640007ef655a510890d9a4485db8393d25ffbee727f6178c56e42745dc,2026-09-12
A00000014,ゴールデンタイム,,,,,TV,,,,,,,,,,,,,,,,,,,,,,,,,,,,,,,,,,,,,,,,,,,,,,,,,,,,,,,,,,,,,,discovery-key::5fbe16806abbe99806a4f455fc016ca4e4d113271ad5d29a6cf5b312444806dc,2026-09-12
A00000015,イジらないで、長瀞さん,,,,,TV,,,,,Sfec6b5eefa54ac9b0f24d870d871eaafdd2d557591db81f88f846dde5b555d2c,,,,,,,,,,,,,,,,,,,,,,,,,,,,,,,,,,,,,,,,,,,,,,,,,,,,,,,,,discovery-key::57772b6940b232f7612ec55f82cbcfa2f856d3d2b1f738377de51181008c437e,2026-09-12
A00000016,この音とまれ!,,,,,TV,,,,,,,,,,,,,,,,,,,,,,,,,,,,,,,,,,,,,,,,,,,,,,,,,,,,,,,,,,,,,,discovery-key::bdaa7d1e90a7f9a8ca3377c7a4ab57605bd334d6fe3bfdcf0831ba96bbb28dad,2026-09-12
A00000017,カウボーイビバップ,,,,,TV,,,,,,,,,,,,,,,,,,,,,,,,,,,,,,,,,,,,,,,,,,,,,,,,,,,,,,,,,,,,,,discovery-key::02ce1be6c72a1a19a220dab5971f9dc8541952a4b1a73fb215eb13d361fbe51d,2026-09-12
A00000018,ボボボーボ・ボーボボ,,,,,TV,,,,,,,,,,,,,,,,,,,,,,,,,,,,,,,,,,,,,,,,,,,,,,,,,,,,,,,,,,,,,,discovery-key::bc91b4e794a2f3423179db715a53816339a49afa25df7c11fed30ba2cc5bef33,2026-09-12
A00000019,レーカン!,,,,,TV,,,,,,,,,,,,,,,,,,,,,,,,,,,,,,,,,,,,,,,,,,,,,,,,,,,,,,,,,,,,,,discovery-key::5a506a51014a584a0ceab5167d41cd278bcc896c56888b8a8d8646e3a8316323,2026-09-12
A00000020,出会って5秒でバトル,,,,,TV,,,,,,,,,,,,,,,,,,,,,,,,,,,,,,,,,,,,,,,,,,,,,,,,,,,,,,,,,,,,,,discovery-key::bb045f7377053f650bc6e0cef46d1f2551f3ad98e483f2b214392eda47987ecc,2026-09-12
A00000021,推しが武道館いってくれたら死ぬ,,,,,TV,,,,,,,,,,,,,,,,,,,,,,,,,,,,,,,,,,,,,,,,,,,,,,,,,,,,,,,,,,,,,,discovery-key::a801fe068776faf185c67e8be34009ffb3af048a6c1c6cd52afaab8a7b3c1d39,2026-09-12
A00000022,ダンジョンに出会いを求めるのは間違っているだろうか,,,,,TV,,,,,S3174a8ec8c40667c2b784c78511780d7c2b2e26a05686cb6603e72c8227f0972,,,,,,,,,,,,,,,,,,,,,,,,,,,,,,,,,,,,,,,,,,,,,,,,,,,,,,,,,discovery-key::5872dc8035dd7e308ebc1617021f0fa1e2e4d8a6633b704501e657ec353eebaf,2026-09-12
A00000023,イナズマイレブン,,,,,TV,,,,,,,,,,,,,,,,,,,,,,,,,,,,,,,,,,,,,,,,,,,,,,,,,,,,,,,,,,,,,,discovery-key::5ffd13fa2350c526e30a400fd6516a288e315675369b09aea0bf9c8318d00dc5,2026-09-12
A00000024,琥珀色のハンター,,,,,OVA,,,,,,,,,,,,,,,,,,,,,,,,,,,,,,,,,,,,,,,,,,,,,,,,,,,,,,,,,,,,,,discovery-key::3b078192c48d3decb1d855c7309b19cfef3cb0bbfb1b78d82ab04ba635175bcf,2026-09-12
A00000025,キングダム,,,,,TV,,,,,,,,,,,,,,,,,,,,,,,,,,,,,,,,,,,,,,,,,,,,,,,,,,,,,,,,,,,,,,discovery-key::da6d183d0b33585e7f38163f93a177702d3977387fbe4c669eced962d8c4c8a7,2026-09-12
A00000026,チェンソーマン,,,,,MOVIE,,,,,,,,,,,,,,,,,,,,,,,,,,,,,,,,,,,,,,,,,,,,,,,,,,,,,,,,,,,,,,discovery-key::00ea3864413e63428a3553a007ed428adf44738effd3d1e2faa8022df6936ad8,2026-09-12
A00000027,えんとつ町のプペル,,,,,MOVIE,,,,,,,,,,,,,,,,,,,,,,,,,,,,,,,,,,,,,,,,,,,,,,,,,,,,,,,,,,,,,,discovery-key::ad05bd1db8bf611452f98aafa4102eb8759586b5b07e82ab51ffdf93a2773cbd,2026-09-12
A00000028,ゲキドル,,,,,TV,,,,,,,,,,,,,,,,,,,,,,,,,,,,,,,,,,,,,,,,,,,,,,,,,,,,,,,,,,,,,,discovery-key::a6c8d3e36e2c3ba78bc297527e5d40e08a4dfeb40fba4c128383b3881b70ce3c,2026-09-12
A00000029,ココロコネクト,,,,,TV,,,,,,,,,,,,,,,,,,,,,,,,,,,,,,,,,,,,,,,,,,,,,,,,,,,,,,,,,,,,,,discovery-key::25663b1d37f929f01187a103f42f762df75b14600c6d4d402883585caf882184,2026-09-12
A00000030,映画ドラえもん のび太と空の理想郷,,,,,MOVIE,,,,,,,,,,,,,,,,,,,,,,,,,,,,,,,,,,,,,,,,,,,,,,,,,,,,,,,,,,,,,,discovery-key::0fee9b4a73b5ebbc700c7487bb2d2684a9b6289e34720f896ae45895d9b71946,2026-09-12
A00000031,デリシャスパーティ♡プリキュア,,,,,TV,,,,,,,,,,,,,,,,,,,,,,,,,,,,,,,,,,,,,,,,,,,,,,,,,,,,,,,,,,,,,,discovery-key::de70773bc63c29adae864368e1d0073f5f2a1ebb1b9b77a7f5167dc61381c8b6,2026-09-12
A00000032,ドラえもん,,,,,TV,,,,,,,,,,,,,,,,,,,,,,,,,,,,,,,,,,,,,,,,,,,,,,,,,,,,,,,,,,,,,,discovery-key::3b4f49ad6b998b5dae00d92c7e8965c336d222468ce0ff7d304ef8f1a3e2d684,2026-09-12
A00000033,うる星やつら,,,,,TV,,,,,,,,,,,,,,,,,,,,,,,,,,,,,,,,,,,,,,,,,,,,,,,,,,,,,,,,,,,,,,discovery-key::4201c7332508c2aecc3b2a857719d92c0a7cd91fb295a8034bdfc0b5384462f0,2026-09-12
A00000034,イジらないで、長瀞さん 2nd Attack,,,,,TV,,,,,Sfec6b5eefa54ac9b0f24d870d871eaafdd2d557591db81f88f846dde5b555d2c,,,,,,,,,,,,,,,,,,,,,,,,,,,,,,,,,,,,,,,,,,,,,,,,,,,,,,,,,discovery-key::1039157680653c6bc2e868d816d3c299565cdc50dfd4d975d924d7f73912eeea,2026-09-12
A00000035,おもひでぽろぽろ,,,,,MOVIE,,,,,S2e1d7730e0a702dc29d8f19ed4eaacac4545fcc9355e580005aa5f53c175c931,,,,,,,,,,,,,,,,,,,,,,,,,,,,,,,,,,,,,,,,,,,,,,,,,,,,,,,,,discovery-key::ce1b03bc241d304884c1e07062262e13825ae18033de313a1d2cfee53c98ec04,2026-09-12
A00000036,ゾンビランドサガ リベンジ,,,,,TV,,,,,Se89733c512344c004566d9052b51754692919208c49ea10479c6d4b13d51a1f9,,,,,,,,,,,,,,,,,,,,,,,,,,,,,,,,,,,,,,,,,,,,,,,,,,,,,,,,,discovery-key::ebc85a978b2041c3361a05242c4381e9469d3b5c0f1c6b0023ce52ec8fa4afa4,2026-09-12
A00000037,ポプテピピック,,,,,TV,2022-10-01,,,,,,,,,,,,,,,,,,,,,,,,,,,,,,,,,,,,,,,,,OP::PSYCHO:LOGY::::::::,,,,,,,,,,,,,,,,http://hoshiiro.jp/,,,,discovery-key::9d52bb3e259382637c9324e048e1ccf174e2a03baccd6f654796611bce4eba34,2026-09-12
A00000038,スーパーカブ,,,,,TV,,,,,,,,,,,,,,,,,,,,,,,,,,,,,,,,,,,,,,,,,,,,,,,,,,,,,,,,,,,,,,discovery-key::6f03ec2b0776bdb6cf3b46eabaa5767c7840004535745ab2ea0c77c592e63edd,2026-09-12
A00000039,会長はメイド様!,,,,,TV,,,,,,,,,,,,,,,,,,,,,,,,,,,,,,,,,,,,,,,,,,,,,,,,,,,,,,,,,,,,,,discovery-key::d60c64a403c4da9ee4b0734b44bcb4f604792ee4fb6b4c180ab59abcaa14e7bb,2026-09-12
A00000040,それだけがネック,,,,,TV,,,,,,,,,,,,,,,,,,,,,,,,,,,,,,,,,,,,,,,,,,,,,,,,,,,,,,,,,,,,,,discovery-key::944c3a1a0f12564b370418ea1efe01ed0bc46db06f95e1a1888e1e99facee811,2026-09-12
A00000041,ホリミヤ,,,,,TV,,,,,,,,,,,,,,,,,,,,,,,,,,,,,,,,,,,,,,,,,,,,,,,,,,,,,,,,,,,,,,discovery-key::bf09f5b33a129834a54e335a2243ac9299e996c7fbe901b10e171c14ecf4f447,2026-09-12
A00000042,白い砂のアクアトープ,,,,,TV,,,,,,,,,,,,,,,,,,,,,,,,,,,,,,,,,,,,,,,,,,,,,,,,,,,,,,,,,,,,,,discovery-key::fe499dfebe22111de130811cb9bdaca8d465eb66dab5cd6b5fa9b3ea0a0e4137,2026-09-12
A00000043,亜人,,,,,TV,,,,,,,,,,,,,,,,,,,,,,,,,,,,,,,,,,,,,,,,,,,,,,,,,,,,,,,,,,,,,,discovery-key::8071b3f070693840fc8346d2459889f51ecd86eedb7b350fe99cc7ea989cd77d,2026-09-12
A00000044,天地創造デザイン部,,,,,TV,,,,,,,,,,,,,,,,,,,,,,,,,,,,,,,,,,,,,,,,,,,,,,,,,,,,,,,,,,,,,,discovery-key::7edae565744dc63a9689ceee06d9fd4c8de90a5d47b818c7f79c6b08bec0fbff,2026-09-12
A00000045,Vivy -Fluorite Eye's Song-,,,,,TV,,,,,,,,,,,,,,,,,,,,,,,,,,,,,,,,,,,,,,,,,,,,,,,,,,,,,,,,,,,,,,discovery-key::de488ab9ef536ff5de80b67bd29f255b5e3e2e5d845de233a2f247613ed72ff5,2026-09-12
A00000046,処刑少女の生きる道,,,,,TV,,,,,,,,,,,,,,,,,,,,,,,,,,,,,,,,,,,,,,,,,,,,,,,,,,,,,,,,,,,,,,discovery-key::6d456693e9ddd42467f2e9d78ea64e8912ccfc615e7a79f0ef23a3f77a47d929,2026-09-12
A00000047,平穏世代の韋駄天達,,,,,TV,,,,,,,,,,,,,,,,,,,,,,,,,,,,,,,,,,,,,,,,,,,,,,,,,,,,,,,,,,,,,,discovery-key::4e1f0f5d3e898eb2ec31cd4dd22996352a9697a4419bf59cf92fac37c765e885,2026-09-12
A00000048,ぼくたちのリメイク,,,,,TV,,,,,,,,,,,,,,,,,,,,,,,,,,,,,,,,,,,,,,,,,,,,,,,,,,,,,,,,,,,,,,discovery-key::54076433bb77258d767dca52b07ae4c926665e16cbc787235a38b8ee4209250b,2026-09-12
A00000049,ブルーピリオド,,,,,TV,,,,,,,,,,,,,,,,,,,,,,,,,,,,,,,,,,,,,,,,,,,,,,,,,,,,,,,,,,,,,,discovery-key::58d0b8c041affa991bb472f85fa99f7d9ede244abe3aa91b40ae0f0791f61fd1,2026-09-12
A00000050,カノジョも彼女,,,,,TV,,,,,,,,,,,,,,,,,,,,,,,,,,,,,,,,,,,,,,,,,,,,,,,,,,,,,,,,,,,,,,discovery-key::f7e9150b71f8ff4541e83e1b87800b3cd4419b93667f80936418e6693f866de3,2026-09-12
A00000051,死神坊ちゃんと黒メイド,,,,,TV,,,,,,,,,,,,,,,,,,,,,,,,,,,,,,,,,,,,,,,,,,,,,,,,,,,,,,,,,,,,,,discovery-key::d2d3f9ecf7ca91e2b7adcb1b30fb55c509c10ccd47995d50af5967814f76e5ce,2026-09-12
A00000052,LASTEXILE,,,,,TV,,,,,,,,,,,,,,,,,,,,,,,,,,,,,,,,,,,,,,,,,,,,,,,,,,,,,,,,,,,,,,discovery-key::43485430f0ed0ff9c7caa9e21e9dfc557ffb22aaa186ec20fc48677c303a0774,2026-09-12
A00000053,それでも歩は寄せてくる,,,,,TV,,,,,,,,,,,,,,,,,,,,,,,,,,,,,,,,,,,,,,,,,,,,,,,,,,,,,,,,,,,,,,discovery-key::b1d76edd297f07763a9de6d5806f9cc9bdef2fa8905ce5787dc544bb96d32435,2026-09-12
A00000054,俺の彼女と幼なじみが修羅場すぎる,,,,,TV,,,,,,,,,,,,,,,,,,,,,,,,,,,,,,,,,,,,,,,,,,,,,,,,,,,,,,,,,,,,,,discovery-key::e901d7050eae4684dddb636ef6acff7b7b7f824d3879aa8c3b651f7cc877f71c,2026-09-12
A00000055,かのこん,,,,,TV,,,,,,,,,,,,,,,,,,,,,,,,,,,,,,,,,,,,,,,,,,,,,,,,,,,,,,,,,,,,,,discovery-key::3cf4eb612dfe0f4652a021bb4ccbf193af78162232a997a29bd237b7f3b2a3bf,2026-09-12
A00000056,劇場版 ソードアート・オンライン -プログレッシブ- 星なき夜のアリア,,,,,MOVIE,,,,,,,,,,,,,,,,,,,,,,,,,,,,,,,,,,,,,,,,,,,,,,,,,,,,,,,,,,,,,,discovery-key::9e427e1e9cdb065eb5195bd53e46f41731f076f39668f9b0b4a884e091fa761e,2026-09-12
A00000057,世界最高の暗殺者、異世界貴族に転生する,,,,,TV,,,,,,,,,,,,,,,,,,,,,,,,,,,,,,,,,,,,,,,,,,,,,,,,,,,,,,,,,,,,,,discovery-key::3b6cc9526925d61e97a7ac53c442b0eba0d5f3c8b61cf878c91e672b6b57cc6d,2026-09-12
A00000058,俺、ツインテールになります。,,,,,TV,,,,,,,,,,,,,,,,,,,,,,,,,,,,,,,,,,,,,,,,,,,,,,,,,,,,,,,,,,,,,,discovery-key::47f14a986e59f4873ba8f4f6b7248020c3783b364a71d00dcc56ab033c7966c6,2026-09-12
A00000059,擾乱 THE PRINCESS OF SNOW AND BLOOD,,,,,TV,,,,,,,,,,,,,,,,,,,,,,,,,,,,,,,,,,,,,,,,,,,,,,,,,,,,,,,,,,,,,,discovery-key::ae29e93903fa84883d6b93b8da940df734d2ea5aaf1d341205ff070f7e122bcc,2026-09-12
A00000060,陰の実力者になりたくて!,,,,,TV,,,,,,,,,,,,,,,,,,,,,,,,,,,,,,,,,,,,,,,,,,,,,,,,,,,,,,,,,,,,,,discovery-key::c4b8bea1dd1204275fca49590f495357077ea05243217f833abb3fd852d08a73,2026-09-12
A00000061,RE-MAIN,,,,,TV,,,,,,,,,,,,,,,,,,,,,,,,,,,,,,,,,,,,,,,,,,,,,,,,,,,,,,,,,,,,,,discovery-key::fc2b6c264e75e681bcfe01332f5450aa1ab4a30005091c6206b31a80daff925e,2026-09-12
A00000062,電波女と青春男,,,,,TV,,,,,,,,,,,,,,,,,,,,,,,,,,,,,,,,,,,,,,,,,,,,,,,,,,,,,,,,,,,,,,discovery-key::2f48679856c723ed603d30f466cf2fdabf908e967e860c0df2a11ee1da50d090,2026-09-12
A00000063,錆喰いビスコ,,,,,TV,,,,,,,,,,,,,,,,,,,,,,,,,,,,,,,,,,,,,,,,,,,,,,,,,,,,,,,,,,,,,,discovery-key::3db6d80dafb94561b849892dd3f10c3f4ae594941eadbe40b519809e2a5f2ec0,2026-09-12
A00000064,オッドタクシー,,,,,TV,,,,,,,,,,,,,,,,,,,,,,,,,,,,,,,,,,,,,,,,,,,,,,,,,,,,,,,,,,,,,,discovery-key::e4a883822f1b4ac0c0607d6a65180a844322246161729a2668ea826f144cdf60,2026-09-12
A00000065,クロックワーク・プラネット,,,,,TV,,,,,,,,,,,,,,,,,,,,,,,,,,,,,,,,,,,,,,,,,,,,,,,,,,,,,,,,,,,,,,discovery-key::63c2004d62443bbe8da880634cb356ec559847ae01ae3bce55f3752f6ca983eb,2026-09-12
A00000066,夏目友人帳 石起こしと怪しき来訪者,,,,,MOVIE,,,,,,,,,,,,,,,,,,,,,,,,,,,,,,,,,,,,,,,,,,,,,,,,,,,2021-01-16,,,,,,,,,,,discovery-key::2f0fb79bf650c83f886bcfb983d3655dedb44bee79273822604cddf4ebee25da,2026-09-12
A00000067,明日ちゃんのセーラー服,,,,,TV,,,,,,,,,,,,,,,,,,,,,,,,,,,,,,,,,,,,,,,,,,,,,,,,,,,,,,,,,,,,,,discovery-key::e50e582baec7f2e2888884d7d118ed354284106d42b0660e94188332476023cf,2026-09-12
A00000068,Iiiあいすくりん,,,,,TV,,,,,,,,,,,,,,,,,,,,,,,,,,,,,,,,,,,,,,,,,,,,,,,,,,,,,,,,,,,,,,discovery-key::249d885dcffd51fd5dadaf6648bee5db20181aacfa13e5820904fa5a588baae8,2026-09-12
A00000069,ヴィジュアルプリズン,,,,,TV,,,,,,,,,,,,,,,,,,,,,,,,,,,,,,,,,,,,,,,,,,,,,,,,,,,,,,,,,,,,,,discovery-key::4e1722296003cfef37c49f4de57b43abe54ff8312f55dd5ebd9a8c7911cc3995,2026-09-12
A00000070,ゆるキャン△ SEASON2,,,,,TV,,,,,S5e23a15b033d0e59b68dc6b1e3b9416a52516cc989966f63db02fb2215143d20,,,,,,,,,,,,,,,,,,,,,,,,,,,,,,,,,,,,,,,,,,,,,,,,,,,,,,,,,discovery-key::317342a10ff8ec524bd56ad70ffcba4090403363340786ad5af3a56db3b2e267,2026-09-12
A00000071,恋は世界征服のあとで,,,,,TV,,,,,,,,,,,,,,,,,,,,,,,,,,,,,,,,,,,,,,,,,,,,,,,,,,,,,,,,,,,,,,discovery-key::ecdf44e276999f66c39e05a6bfe3a9e5ed9864d280baad0c010236613972d916,2026-09-12
A00000072,テスラノート,,,,,TV,,,,,,,,,,,,,,,,,,,,,,,,,,,,,,,,,,,,,,,,,,,,,,,,,,,,,,,,,,,,,,discovery-key::2ab15d2475a99795a0ad0f6f000e5bd998a1afc10b250b5a0972a3966009ecab,2026-09-12
A00000073,ジョゼと虎と魚たち,,,,,MOVIE,,,,,,,,,,,,,,,,,,,,,,,,,,,,,,,,,,,,,,,,,,,,,,,,,,,,,,,,,,,,,,discovery-key::41f62337c087e4f72413494413446afa2fb9ba18b25a224867fb9ee079c25d94,2026-09-12
A00000074,最果てのパラディン,,,,,TV,,,,,,,,,,,,,,,,,,,,,,,,,,,,,,,,,,,,,,,,,,,,,,,,,,,,,,,,,,,,,,discovery-key::61fddcc3a37fad405db4cc299fc4b6b571c534c4d4cffaa1eaff2866e4b8317f,2026-09-12
A00000075,骸骨騎士様、只今異世界へお出掛け中,,,,,TV,,,,,,,,,,,,,,,,,,,,,,,,,,,,,,,,,,,,,,,,,,,,,,,,,,,,,,,,,,,,,,discovery-key::2200cd02425920950e21a1a9dc99cb2601b6a00cac396b3aff651b2320d95247,2026-09-12
A00000076,けんぷファー,,,,,TV,,,,,,,,,,,,,,,,,,,,,,,,,,,,,,,,,,,,,,,,,,,,,,,,,,,,,,,,,,,,,,discovery-key::1973755c81bd599f611272aa2da518bc9ceef8df8e656a27ae92725b34ed2a2a,2026-09-12
A00000077,かぎなど,,,,,TV,,,,,,,,,,,,,,,,,,,,,,,,,,,,,,,,,,,,,,,,,,,,,,,,,,,,,,,,,,,,,,discovery-key::50491cb739de4a46d6b87655e7859256ae5ddd700c68f39806983767464c7f40,2026-09-12
A00000078,ジョジョの奇妙な冒険 ストーンオーシャン,,,,,TV,,,,,Scd803eb382f8d97cafcb787e6877805ae3d09f64b48d6b13d5f21fe285256c85,,,,,,,,,,,,,,,,,,,,,,,,,,,,,,,,,,,,,,,,,,,,,,,,,,,,,,,,,discovery-key::cdee09e775370cf507b9e30bfc2f74c0774c55ce19d6c0cb4c6a60e9a971c298,2026-09-12
A00000079,ダンス・ダンス・ダンスール,,,,,TV,,,,,,,,,,,,,,,,,,,,,,,,,,,,,,,,,,,,,,,,,,,,,,,,,,,,,,,,,,,,,,discovery-key::3603455b142c305418c2f029a5bbc4e2694441223ed3a6a8b6e4f0dab406a7a9,2026-09-12
A00000080,精霊の守り人,,,,,TV,,,,,,,,,,,,,,,,,,,,,,,,,,,,,,,,,,,,,,,,,,,,,,,,,,,,,,,,,,,,,,discovery-key::cc3b88faef378cbd782d24c12d08f44205f0fd7ca5d730d3626cef202bed5e10,2026-09-12
A00000081,神在月のこども,,,,,MOVIE,,,,,,,,,,,,,,,,,,,,,,,,,,,,,,,,,,,,,,,,,,,,,,,,,,,,,,,,,,,,,,discovery-key::befecdf70fe3582e18b2a1e2a12abbd2dc553f26e86b006b3e20e438b50926d1,2026-09-12
A00000082,逆転世界ノ電池少女,,,,,TV,,,,,,,,,,,,,,,,,,,,,,,,,,,,,,,,,,,,,,,,,,,,,,,,,,,,,,,,,,,,,,discovery-key::a6109432ae447f492c13dc4d684214b4f283e5e189c2fa4268a66f0ed7c50aa6,2026-09-12
A00000083,BLUE REFLECTION RAY/澪,,,,,TV,,,,,,,,,,,,,,,,,,,,,,,,,,,,,,,,,,,,,,,,,,,,,,,,,,,,,,,,,,,,,,discovery-key::81cbaa4b3d94c213690f550f493c456a1c9248b10a76e3f64afa0dda1e9977ee,2026-09-12
A00000084,ジャヒー様はくじけない!,,,,,TV,,,,,,,,,,,,,,,,,,,,,,,,,,,,,,,,,,,,,,,,,,,,,,,,,,,,,,,,,,,,,,discovery-key::d37770f1b3502566393e9b2e4fcb7a6a95390d8592d70978f381dfbc0b2a3797,2026-09-12
A00000085,D_CIDE TRAUMEREI,,,,,TV,,,,,,,,,,,,,,,,,,,,,,,,,,,,,,,,,,,,,,,,,,,,,,,,,,,,,,,,,,,,,,discovery-key::a3711fac830d96c5cd582febacc72acc01971d1cc3eecb8ef1412c89fa7dc362,2026-09-12
A00000086,ヴァニタスの手記,,,,,TV,,,,,,,,,,,,,,,,,,,,,,,,,,,,,,,,,,,,,,,,,,,,,,,,,,,,,,,,,,,,,,discovery-key::40b0cdf5808a8de09035362ae5e38f453fe04ff19fdf51030248d6b6da36f05a,2026-09-12
A00000087,メガロボクス,,,,,TV,,,,,Sa459512f97149b077d5464ede2a44ede7d0f3d34a06e27ed35c9857723ff73e6,,,,,,,,,,,,,,,,,,,,,,,,,,,,,,,,,,,,,,,,,,,,,,,,,,,,,,,,,discovery-key::8485a2541f10b59a9a0fd834be314d502d8424fb32d4ccebe1e8453094e41622,2026-09-12
A00000088,NOMAD メガロボクス2,,,,,TV,,,,,Sa459512f97149b077d5464ede2a44ede7d0f3d34a06e27ed35c9857723ff73e6,,,,,,,,,,,,,,,,,,,,,,,,,,,,,,,,,,,,,,,,,,,,,,,,,,,,,,,,,discovery-key::a10e80b456ed133b2662f353a0ebff606e0ed8831119d2256fa2399b95e3b09f,2026-09-12
A00000089,さよなら私のクラマー ファーストタッチ,,,,,MOVIE,,,,,,,,,,,,,,,,,,,,,,,,,,,,,,,,,,,,,,,,,,,,,,,,,,,2021-06-11,,,,,,,,,,,discovery-key::f6f58dd4cf40bcb48a6c7e004de6cf2ee2c459df79a36748f392749921d0dfd8,2026-09-12
A00000090,逮捕しちゃうぞフルスロットル,,,,,TV,,,,,S10254b33565f8aea9eda330170f0a48ad30ccecb44328d9e5e4ec264d80cfdc9,,,,,,,,,,,,,,,,,,,,,,,,,,,,,,,,,,,,,,,,,,,,,,,,,,,,,,,,,discovery-key::e98c9ad8174376af6ba42c99ec6c447b78f3090830a0563b15a6d62207fac529,2026-09-12
A00000091,逮捕しちゃうぞ,,,,,OVA,,,,,S10254b33565f8aea9eda330170f0a48ad30ccecb44328d9e5e4ec264d80cfdc9,,,,,,,,,,,,,,,,,,,,,,,,,,,,,,,,,,,,,,,,,,,,,,,,,,,,,,,,,discovery-key::9fcc2ba591bb6934520c067f1fa94454f5a98742723d3f16c5c64c450fca282f,2026-09-12
A00000092,乙女ゲームの破滅フラグしかない悪役令嬢に転生してしまった...X,,,,,TV,,,,,S7e5c25fa8522a0f8860388a900d2561ea1f01d4e395501277772d476809d0bd5,,,,,,,,,,,,,,,,,,,,,,,,,,,,,,,,,,,,,,,,,,,,,,,,,,,,,,,,,discovery-key::b605dfa0039e42441eb1c0474794a34119370d811ce3e7655f0ac0014386e5cf,2026-09-12
A00000093,境界戦機,,,,,TV,,,,,,,,,,,,,,,,,,,,,,,,,,,,,,,,,,,,,,,,,,,,,,,,,,,,,,,,,,,,,,discovery-key::69c751c66952a0255517f39a7f21e5e2b90915b9af379d30944e521f01443092,2026-09-12
A00000094,永遠の831,,,,,TV,,,,,,,,,,,,,,,,,,,,,,,,,,,,,,,,,,,,,,,,,,,,,,,,,,,,,,,,,,,,,,discovery-key::c179ef6cf45d20c389f2c39e087c69639af50d4bda358769136c66f84cada09e,2026-09-12
A00000095,宇宙の法-エローヒム編-,,,,,MOVIE,,,,,,,,,,,,,,,,,,,,,,,,,,,,,,,,,,,,,,,,,,,,,,,,,,,2021-10-08,,,,,,,,,,,discovery-key::7d8e1126f476a458e4400c3bf4ffe978f47f54924489f8542055a1b76ffbe761,2026-09-12
A00000096,まちカドまぞく,,,,,TV,,,,,Sfb66545e45ec0bcc3bfdcf08f59dec8c6b2e54caad871bcafbb245a26b7df7bf,,,,,,,,,,,,,,,,,,,,,,,,,,,,,,,,,,,,,,,,,,,,,,,,,,,,,,,,,discovery-key::69e687180c36116f745c9490a2767d8b560e6657844b4154cc87178889c48136,2026-09-12
A00000097,まちカドまぞく 2丁目,,,,,TV,,,,,Sfb66545e45ec0bcc3bfdcf08f59dec8c6b2e54caad871bcafbb245a26b7df7bf,,,,,,,,,,,,,,,,,,,,,,,,,,,,,,,,,,,,,,,,,,,,,,,,,,,,,,,,,discovery-key::18432b986e80530beb3fbb94be77d89c36a3f63b780ee396bc31c0627ff4cdf5,2026-09-12
A00000098,ジャム・ザ・ハウスネイル,,,,,TV,,,,,,,,,,,,,,,,,,,,,,,,,,,,,,,,,,,,,,,,,,,,,,,,,,,,,,,,,,,,,,discovery-key::9a2d6e1224aa08d726e9d3fe96b72e0539edcd2ec7daa036c9dcacfc69da9cdd,2026-09-12
A00000099,異世界魔王と召喚少女の奴隷魔術,,,,,TV,,,,,S54d90530b45bcabe7b4b4f3a9f76ac0f49c222bc3f3a7da8736eb5a3222b1402,,,,,,,,,,,,,,,,,,,,,,,,,,,,,,,,,,,,,,,,,,,,,,,,,,,,,,,,,discovery-key::c134cc15e2c3cc994c4d17145910b43f5cc85b91c1baa9f0f38e504490b701d4,2026-09-12
A00000100,ニャッキ!,,,,,TV,,,,,,,,,,,,,,,,,,,,,,,,,,,,,,,,,,,,,,,,,,,,,,,,,,,,,,,,,,,,,,discovery-key::fadf87a74dc5940349148d14009cec5a95613fad720772aa9e482971cc2dac7e,2026-09-12
A00000101,青のオーケストラ,,,,,TV,,,,,,,,,,,,,,,,,,,,,,,,,,,,,,,,,,,,,,,,,,,,,,,,,,,,,,,,,,,,,,discovery-key::b85b299c4adbf5fdf812b639209647a210a1014461b5be925605af3509911ffb,2026-09-12
A00000102,モブサイコ100 II,,,,,TV,,,,,Sd4fefd70ce8253cf45f514c4a1b11e43d86eba2b4bb3b6252d9e7c963d063c54,,,,,,,,,,,,,,,,,,,,,,,,,,,,,,,,,,,,,,,,,,,,,,,,,,,,,,,,,discovery-key::968dddc128a27dc62f03f24f1ec37ab1bdda251db4f5be8fdc0f70a2f5c8f1dd,2026-09-12
A00000103,モブサイコ100 III,,,,,TV,,,,,Sd4fefd70ce8253cf45f514c4a1b11e43d86eba2b4bb3b6252d9e7c963d063c54,,,,,,,,,,,,,,,,,,,,,,,,,,,,,,,,,,,,,,,,,,,,,,,,,,,,,,,,,discovery-key::82728b50d53c6406d210c80be4bdfa391cfec32d17e798ced1e589de32af1273,2026-09-12
A00000104,痛いのは嫌なので防御力に極振りしたいと思います。,,,,,TV,,,,,Sda2c91f38550ae964e09fe050702cf8bee88dee9fea2f64dd00c72658092e142,,,,,,,,,,,,,,,,,,,,,,,,,,,,,,,,,,,,,,,,,,,,,,,,,,,,,,,,,discovery-key::2d5716a2423816f435c315513cbbf8cf45efc5cb56f4bd3c7adc3b26370be260,2026-09-12
A00000105,痛いのは嫌なので防御力に極振りしたいと思います。2,,,,,TV,,,,,Sda2c91f38550ae964e09fe050702cf8bee88dee9fea2f64dd00c72658092e142,,,,,,,,,,,,,,,,,,,,,,,,,,,,,,,,,,,,,,,,,,,,,,,,,,,,,,,,,discovery-key::54abe63c51206d74835bbcc92a57e525562050e70c6fac1027f15188a4660ca0,2026-09-12
A00000106,くまクマ熊ベアー,,,,,TV,,,,,Sa25ca969b2e95be0fdb4ad84c6b054542603eaf893dd34890920a4bd09005bad,,,,,,,,,,,,,,,,,,,,,,,,,,,,,,,,,,,,,,,,,,,,,,,,,,,,,,,,,discovery-key::f84d548a082d0d49e2e065012159e0b2640a88059db0b835190c2b5194ef8eaf,2026-09-12
A00000107,くまクマ熊ベアーぱーんち!,,,,,TV,,,,,Sa25ca969b2e95be0fdb4ad84c6b054542603eaf893dd34890920a4bd09005bad,,,,,,,,,,,,,,,,,,,,,,,,,,,,,,,,,,,,,,,,,,,,,,,,,,,,,,,,,discovery-key::5b1d4e5a08f23118652476640a64eb42c50e9a53d0cd4c4f19d0a596ed8d6492,2026-09-12
A00000108,トニカクカワイイ(シーズン2),,,,,TV,,,,,S3acc2546e7ae13d45a8c01e0085baf8c05ee7833ff2bc3027cbeec4ea52e92f2,,,,,,,,,,,,,,,,,,,,,,,,,,,,,,,,,,,,,,,,,,,,,,,,,,,,,,,,,discovery-key::96bf21f8e6169d572ba4fcc50e21edccc7e9266f109b369868f8e0623a43da7c,2026-09-12
A00000109,映画 ギヴン,,,,,MOVIE,,,,,,,,,,,,,,,,,,,,,,,,,,,,,,,,,,,,,,,,,,,,,,,,,,,,,,,,,,,,,,discovery-key::377acf550ce80a1a79288e609151e1c100da3f7e6537f2630fbd2bac35f17b55,2026-09-12
A00000110,映画 プリキュアオールスターズF,,,,,MOVIE,,,,,,,,,,,,,,,,,,,,,,,,,,,,,,,,,,,,,,,,,,,,,,,,,,,,,,,,,,,,,,discovery-key::1df4f2133370b9fabb9510a2f8c1ce356ccfc839dbfb09b1af9bda767ec53416,2026-09-12
A00000111,Dr.STONE 龍水,,,,,MOVIE,,,,,,,,,,,,,,,,,,,,,,,,,,,,,,,,,,,,,,,,,,,,,,,,,,,,,,,,,,,,,,discovery-key::e33083675092abd53a16fbad63ba9f0af67c2dcbf0402600b0cb77717e87eb0c,2026-09-12
A00000112,Dr.STONE NEW WORLD,,,,,TV,,,,,Sff51696cea1c38107a8f9f0eeedb1ecdc4da7f6f799040c170c1605edbf5c770,,,,,,,,,,,,,,,,,,,,,,,,,,,,,,,,,,,,,,,,,,,,,,,,,,,,,,,,,discovery-key::ec1cee6f4052ea343635bc0166d595aa38b9ac1e73d13f2049033ddb771a08ff,2026-09-12
A00000113,ONE PIECE,,,,,MOVIE,,,,,S3945502f37b280845168323632d7b1a9708fb6e9de8fd7d51bb1eea0ad7c2d46,,,,,,,,,,,,,,,,,,,,,,,,,,,,,,,,,,,,,,,,,,,,,,,,,,,,,,,,,discovery-key::476e42f1152a32f2e5333664647c5fb8cdf8240d90dd803b02fb8bcdd9802356,2026-09-12
A00000114,わんだふるぷりきゅあ!,,,,,TV,,,,,,,,,,,,,,,,,,,,,,,,,,,,,,,,,,,,,,,,,,,,,,,,,,,,,,,,,,,,,,discovery-key::3149b5482681a45ac66ed88d80e69e8d6579d9bd6dd6c448f09b3862d1d6b89a,2026-09-12
A00000115,名探偵コナン vs. 怪盗キッド,,,,,MOVIE,,,,,S620b6beaf261a36a5e827a14a0911916a016769c4531aece98ac0cc86befab93,,,,,,,,,,,,,,,,,,,,,,,,,,,,,,,,,,,,,,,,,,,,,,2024-01-05,,,,,,,,,,,discovery-key::900fd337a96c7a87ab45ef253091b93e66786d855c9f179c6c7ffcf005491e31,2026-09-12
A00000116,リトルバスターズ!,,,,,TV,,,,,Sf15c1e6f931a8b15c2eda1d1af359d77886b188a5af306791eef2aca173fd49c,,,,,,,,,,,,,,,,,,,,,,,,,,,,,,,,,,,,,,,,,,,,,,,,,,,,,,,,,discovery-key::e05b3b68fcb025fa3f5064f002e5bdcc62cb4d42d4d3e4419aa4fbf7df6911cb,2026-09-12
A00000117,映画 ギヴン 柊mix,,,,,MOVIE,,,,,,,,,,,,,,,,,,,,,,,,,,,,,,,,,,,,,,,,,,,,,,,,,,,,,,,,,,,,,,discovery-key::ae324448bb65d1184a9469bbcdc33633734f85a365eca266c149f38fccd003d9,2026-09-12
A00000118,Dr.STONE SCIENCE FUTURE,,,,,TV,,,,,Sff51696cea1c38107a8f9f0eeedb1ecdc4da7f6f799040c170c1605edbf5c770,,,,,,,,,,,,,,,,,,,,,,,,,,,,,,,,,,,,,,,,,,,,,,2025-06-23,,,,,,,https://dr-stone.jp/news/5364/,,,,discovery-key::37c20c281430dbb0b99eceb9dd2e7a94e26b3856a751627fbc2787f7a5be1e56,2026-09-12
A00000119,劇場版 Free!-the Final Stroke- 前編,,,,,MOVIE,,,,,Sed486a0bdea63aad4e44628a3a847c0d518e1cfa8ba05d60babae596d35fdd7e,,,,,,,,,,,,,,,,,,,,,,,,,,,,,,,,,,,,,,,,,,,,,,,,,,,,,,,,,discovery-key::6c9cfedc89c7c7ba6c161c1c961c17f2852b6dc0f0be5e44225ea81bd874883c,2026-09-12
A00000120,恋するワンピース,,,,,ONA,,,,,,,,,,,,,,,,,,,,,,,,,,,,,,,,,,,,,,,,,,,,,,,,,,,,,,,,,,,,,,discovery-key::d56f3aacef9868e4415c305916819933d3670f9cc4f91072c8888b83c8c51102,2026-09-12
A00000121,New PANTY&STOCKING with GARTERBELT,,,,,TV,,,,,,,,,,,,,,,,,,,,,,,,,,,,,,,,,,,,,,,,,,,,,,,,,,,,,,,,,,,,,,discovery-key::630d4bb2eac56145c76ddba6b57012a1268af7af776d29a1c94af0bb4e6ae0e5,2026-09-12
A00000122,大室家 dear friends,,,,,MOVIE,,,,,S75d3d3ab0721467f8ce5c63e0156df8ac0727c0da69e5284e2d108f332458a32,,,,,,,,,,,,,,,,,,,,,,,,,,,,,,,,,,,,,,,,,,,,,,2024-06-21,,,,,,,,,,,discovery-key::ddb0fd0c5c1342301893bcf82a44ed10db299727b36a3dd86a0a64e35e80a2bf,2026-09-12
A00000123,攻殻機動隊ARISE,,,,,MOVIE,,,,,,,,,,,,,,,,,,,,,,,,,,,,,,,,,,,,,,,,,,,,,,,,,,,,,,,,,,,,,,discovery-key::806b2d7d4ddf0a2616a97ce47b8ac4f3fafa1c564252069abc074a255ea06a74,2026-09-12
A00000124,境界戦機 極鋼ノ装鬼,,,,,ONA,,,,,,,,,,,,,,,,,,,,,,,,,,,,,,,,,,,,,,,,,,,,,,,,,,,,,,,,,,,,,,discovery-key::05694f78ecb231fa641206796c20e5548fd78dc0e316ff3fdfa23bb39259f8b7,2026-09-12
A00000125,劇場版 Free!-Timeless Medley- 絆,,,,,MOVIE,,,,,S90410a882115b265c5336b3fc9d7aa3f614c9cb210d9aebfcde1a859669d879b,,,,,,,,,,,,,,,,,,,,,,,,,,,,,,,,,,,,,,,,,,,,,,,,,,,,,,,,,discovery-key::49147886a08f42b656062547548a52c6a921b35ee35ecb758d3d0696ebcd7450,2026-09-12
A00000126,Lostorage conflated WIXOSS,,,,,TV,,,,,,,,,,,,,,,,,,,,,,,,,,,,,,,,,,,,,,,,,,,,,,,,,,,,,,,,,,,,,,discovery-key::2860aa79ebdb3f77da2c9b27966108b55fc03390737728c8923a5a3568990990,2026-09-12
A00000127,ばなにゃ,,,,,TV,,,,,S1f245e9cb52ea8259033814843c62e58850ed368586b0fa6a03e0a8bba301ec7,,,,,,,,,,,,,,,,,,,,,,,,,,,,,,,,,,,,,,,,,,,,,,,,,,,,,,,,,discovery-key::2f8c3f55e1bec928711d5e1db09c6cbc819872faa4106e8050fe300d53b079ad,2026-09-12
A00000128,PUI PUI モルカー,,,,,TV,,,,,S29ac02d071356f1012aa7cc92d176cd0b818ad08fa8da7e11eca358c92fff5e2,,,,,,,,,,,,,,,,,,,,,,,,,,,,,,,,,,,,,,,,,,,,,,,,,,,,,,,,,discovery-key::867fb68c40c52313e8928d264a5b1d1ace8a1e867eeeb5df730e41c3fb6df345,2026-09-12
A00000129,PUI PUI モルカー DRIVING SCHOOL,,,,,TV,,,,,S29ac02d071356f1012aa7cc92d176cd0b818ad08fa8da7e11eca358c92fff5e2,,,,,,,,,,,,,,,,,,,,,,,,,,,,,,,,,,,,,,,,,,,,,,,,,,,,,,,,,discovery-key::6c29101aca26c0c6a87431ad56f6092d8a52cedaba08e65eed90283f8a5a33a4,2026-09-12
A00000130,大室家 dear sisters,,,,,MOVIE,,,,,S75d3d3ab0721467f8ce5c63e0156df8ac0727c0da69e5284e2d108f332458a32,,,,,,,,,,,,,,,,,,,,,,,,,,,,,,,,,,,,,,,,,,,,,,2024-02-02,,,,,,,,,,,discovery-key::7b2b1e6dbd0664fbf1e3d7c2426eedb0582c790877ccf09b91a519e82e7a7cf2,2026-09-12
A00000131,名探偵プリキュア!,,,,,TV,,,,,,,,,,,,,,,,,,,,,,,,,,,,,,,,,,,,,,,,,,,,,,,,,,,,,,,,,,,,,,discovery-key::38bfe9491e40e8759c7ec8ca46665e3c65f3c44b1c9026f889a42cb4a2e02bae,2026-09-12
A00000132,ちみも,,,,,TV,,,,,,,,,,,,,,,,,,,,,,,,,,,,,,,,,,,,,,,,,,,,,,,,,,,,,,,,,,,,,,discovery-key::48af6d2f849f40dea0a12dea1541ff3caf2a9d20df106de4e23354323efe233a,2026-09-12
A00000133,PUI PUI モルカー ザ・ムービー MOLMAX,,,,,MOVIE,,,,,,,,,,,,,,,,,,,,,,,,,,,,,,,,,,,,,,,,,,,,,,,,,,,,,,,,,,,,,,discovery-key::e613ae5578dfc0be8db2ffc637d320d3ea294315fefc721dfe00884b768b2b3e,2026-09-12
A00000134,ユメミル、アニメ「onちゃん」,,,,,TV,,,,,S07eba8d5069d820b8049d7d85d24be926916361d46633b961051c798d90aa00e,,,,,,,,,,,,,,,,,,,,,,,,,,,,,,,,,,,,,,,,,,,,,,,,,,,,,,,,,discovery-key::a9d00ba023c7b5ce09bbd7794c2fc69c5c99edb97f75ef4c7a05c109e876cd66,2026-09-12
A00000135,あんさんぶるスターズ!,,,,,TV,,,,,,,,,,,,,,,,,,,,,,,,,,,,,,,,,,,,,,,,,,,,,,,,,,,,,,,,,,,,,,discovery-key::f1e2952130ed9367ad96fed9e9ebf36f65cbf9f549f6cd317dca22eb6fb5ea16,2026-09-12
A00000136,あんさんぶるスターズ!!-Road to Show!!-,,,,,MOVIE,,,,,,,,,,,,,,,,,,,,,,,,,,,,,,,,,,,,,,,,,,,,,,,,,,,2022-03-04,,,,,,,,,,,discovery-key::5ee27169fd7e28d8032a20953ed8da75d754d54ce5649bf437b9127742f26d69,2026-09-12
A00000137,世紀末オカルト学院,,,,,TV,,,,,,,,,,,,,,,,,,,,,,,,,,,,,,,,,,,,,,,,,,,,,,,,,,,,,,,,,,,,,,discovery-key::c81a3c93e81b765fe739c919f8373e45611367586d36edf2b3c77f4720cde1f3,2026-09-12
A00000138,劇場版 魔法少女まどか☆マギカ[新編]叛逆の物語,,,,,MOVIE,,,,,,,,,,,,,,,,,,,,,,,,,,,,,,,,,,,,,,,,,,,,,,,,,,,2013-10-26,,,,,,,,,,,discovery-key::170f54e763d6ecbe34ca0545a66ecf0a7989e1c4823027d41b0512696979ce2a,2026-09-12
A00000139,けいおん!!,,,,,TV,,,,,S7591703b7c3feb1ffa7873dd018244a49a9601e9bb269afbb1d61b877ba0392c,,,,,,,,,,,,,,,,,,,,,,,,,,,,,,,,,,,,,,,,,,,,,,,,,,,,,,,,,discovery-key::839bba5479846b2100a1a78e6be0ffe908177d75c22b334a66761c1952d34a61,2026-09-12
A00000140,やはり俺の青春ラブコメはまちがっている。,,,,,TV,,,,,Sb3bac1d444678808395365f66eae73451803c0a9523fd73d071a50756dfaa272,,,,,,,,,,,,,,,,,,,,,,,,,,,,,,,,,,,,,,,,,,,,,,,,,,,,,,,,,discovery-key::bc129ac8d25001a067a24295841bffa3bb9e36d3297476014b24020efd1294d8,2026-09-12
A00000141,メガゾーン23,,,,,OVA,,,,,,,,,,,,,,,,,,,,,,,,,,,,,,,,,,,,,,,,,,,,,,,,,,,,,,,,,,,,,,discovery-key::7d2c3414e7cd30020af676013a3bf0f8ddee5051b4a966152a6d6cd0912815e1,2026-09-12
A00000142,SHIROBAKO,,,,,TV,,,,,,,,,,,,,,,,,,,,,,,,,,,,,,,,,,,,,,,,,,,,,,,,,,,,,,,,,,,,,,discovery-key::92132feb3a9307a5aea057e3223634a33cbde79836ae28ec0368029b1c24a397,2026-09-12
A00000143,機動警察パトレイバー,,,,,TV,,,,,,,,,,,,,,,,,,,,,,,,,,,,,,,,,,,,,,,,,,,,,,,,,,,,,,,,,,,,,,discovery-key::beceb6c1e74bfd39f5fb5bb2ec535e11ed66e2775e673d7a0e572e880b5fdd70,2026-09-12
A00000144,攻殻機動隊 新劇場版,,,,,MOVIE,,,,,,,,,,,,,,,,,,,,,,,,,,,,,,,,,,,,,,,,,,,,,,,,,,,,,,,,,,,,,,discovery-key::7f245baaed1876fb31eae677a309a04bf83d6abdc690768064a64ff08666624e,2026-09-12
A00000145,ワンパンマン,,,,,TV,,,,,,,,,,,,,,,,,,,,,,,,,,,,,,,,,,,,,,,,,,,,,,,,,,,,,,,,,,,,,,discovery-key::c401ea52f36c087971383b01f8f473e6e291bccd872b9e6f671f5b97ee710303,2026-09-12
A00000146,進撃の巨人,,,,,TV,,,,,S0d65b7ed2da6aa7079332f8e0551bdda854275062e55af9c7aefd44e168df464,,,,,,,,,,,,,,,,,,,,,,,,,,,,,,,,,,,,,,,,,,,,,,,,,,,,,,,,,discovery-key::2de30bcb28ced232e6b49e2546b8661bb8918587f25fb9d0916e1108012b57b4,2026-09-12
A00000147,交響詩篇エウレカセブン ハイエボリューション1,,,,,MOVIE,,,,,S57814b5ba2e71b9f87c7fa425bf7dfeb16c676e71f0f874b1c308782dda2be4e,,,,,,,,,,,,,,,,,,,,,,,,,,,,,,,,,,,,,,,,,,,,,,,,,,,,,,,,,discovery-key::e8926b550e25eb42a67316c98978f2a22cfc724aa2605baa040424bc73bc3994,2026-09-12
A00000148,ANEMONE/交響詩篇エウレカセブン ハイエボリューション,,,,,MOVIE,,,,,S57814b5ba2e71b9f87c7fa425bf7dfeb16c676e71f0f874b1c308782dda2be4e,,,,,,,,,,,,,,,,,,,,,,,,,,,,,,,,,,,,,,,,,,,,,,,,,,,,,,,,,discovery-key::4d912a6e8865c6233fc1289f10aac5aad8f2c15b22fcf0ef5128968fa543d976,2026-09-12
A00000149,エウレカセブンAO,,,,,TV,,,,,,,,,,,,,,,,,,,,,,,,,,,,,,,,,,,,,,,,,,,,,,,,,,,,,,,,,,,,,,discovery-key::10f35b1a3fbba483c9b0d9dcf5d48c85240dfd325217b120360274f49afd27bd,2026-09-12
A00000150,EUREKA/交響詩篇エウレカセブン ハイエボリューション,,,,,MOVIE,,,,,S57814b5ba2e71b9f87c7fa425bf7dfeb16c676e71f0f874b1c308782dda2be4e,,,,,,,,,,,,,,,,,,,,,,,,,,,,,,,,,,,,,,,,,,,,,,,,,,,,,,,,,discovery-key::64e510605bf19d890c66da8b7cf93376cffacd281eb11459368c5af59b01c2fd,2026-09-12
A00000151,エンジェルブレイド,,,,,OVA,,,,,,,,,,,,,,,,,,,,,,,,,,,,,,,,,,,,,,,,,,,,,,,,,,,,,,,,,,,,,,discovery-key::e1764c905143a9e416bfb91de8802067ddd896c81e88acb55a4cd24fc76776ef,2026-09-12
A00000152,ああっ女神さまっ,,,,,TV,,,,,Sfbec06173c1c5b5839b88d40128dffe4ade4b2043a0b43921bc5e9a395f640f4,,,,,,,,,,,,,,,,,,,,,,,,,,,,,,,,,,,,,,,,,,,,,,,,,,,,,,,,,discovery-key::f680f7fef7e1eaa1afa657a032b049fd0bba1ae2f8e27d81ad8f05d33d15df99,2026-09-12
A00000153,美男高校地球防衛部HAPPY KISS!,,,,,TV,,,,,,,,,,,,,,,,,,,,,,,,,,,,,,,,,,,,,,,,,,,,,,,,,,,,,,,,,,,,,,discovery-key::88ac9323f3b2b35de7813baa32be37fe8febcd4df4ff7188a3e1e6875efc5bd6,2026-09-12
A00000154,宝石の国,,,,,TV,,,,,,,,,,,,,,,,,,,,,,,,,,,,,,,,,,,,,,,,,,,,,,,,,,,,,,,,,,,,,,discovery-key::26aaed17784545d07118c7837911a1cb8594c1741e8bcbc1523cd79fd9bcfcc8,2026-09-12
A00000155,名探偵コナン,,,,,TV,,,,,,,,,,,,,,,,,,,,,,,,,,,,,,,,,,,,,,,,,,,,,,,,,,,,,,,,,,,,,,discovery-key::d839da7e79e47f934dededb6764f7d9c5b6835e29ee1c5c36fa92523503dfe43,2026-09-12
A00000156,特別版 Free!-Take Your Marks-,,,,,MOVIE,,,,,,,,,,,,,,,,,,,,,,,,,,,,,,,,,,,,,,,,,,,,,,,,,,,,,,,,,,,,,,discovery-key::39e7ceeb6e3a7b318a2ceaa4da4999df513ebcfd1257b3c6ea8bf093b6bcdedb,2026-09-12
A00000157,ゴールデンカムイ,,,,,TV,,,,,,,,,,,,,,,,,,,,,,,,,,,,,,,,,,,,,,,,,,,,,,,,,,,,,,,,,,,,,,discovery-key::e07cb507c4ea1313738427e1b751e734b95e3dd5744e54c24231aea629b95189,2026-09-12
A00000158,ソードアート・オンライン,,,,,TV,,,,,,,,,,,,,,,,,,,,,,,,,,,,,,,,,,,,,,,,,,,,,,,,,,,,,,,,,,,,,,discovery-key::4b5b4cfa62c1e8d95a8b69030fee9bcbf07efd1256d9bd81b3d74b5e7bdccd3a,2026-09-12
A00000159,プリンセスコネクト!Re:Dive,,,,,TV,,,,,,,,,,,,,,,,,,,,,,,,,,,,,,,,,,,,,,,,,,,,,,,,,,,,,,,,,,,,,,discovery-key::8338b4bcf5cade39b33004167cd5a113f034b0db0fe60c3d44b5a234e1223822,2026-09-12
A00000160,虚構推理,,,,,TV,,,,,,,,,,,,,,,,,,,,,,,,,,,,,,,,,,,,,,,,,,,,,,,,,,,,,,,,,,,,,,discovery-key::7912e3b0ea148d8cc9d0c3539ef0f4f43d31ded7a50bd890ce5fc8fa6c6c5ce8,2026-09-12
A00000161,BEASTARS,,,,,TV,,,,,,,,,,,,,,,,,,,,,,,,,,,,,,,,,,,,,,,,,,,,,,,,,,,,,,,,,,,,,,discovery-key::16478cd47416cd630bf99ce8b23291fad1ac106375e944e805f9c3c12a20f201,2026-09-12
A00000162,ぐらんぶる,,,,,TV,,,,,,,,,,,,,,,,,,,,,,,,,,,,,,,,,,,,,,,,,,,,,,,,,,,,,,,,,,,,,,discovery-key::b2debe7a5170cf7288876c6a2d11995f285a3769b18c5ffda1ad3028dcabdcb3,2026-09-12
A00000163,映画ドラえもん のび太の新恐竜,,,,,MOVIE,,,,,,,,,,,,,,,,,,,,,,,,,,,,,,,,,,,,,,,,,,,,,,,,,,,,,,,,,,,,,,discovery-key::06eabdff32dd67dfdb987e3936793a6db6cc8f1f790433ea03dcb6707d85bf06,2026-09-12
A00000164,へやキャン△,,,,,TV,,,,,,,,,,,,,,,,,,,,,,,,,,,,,,,,,,,,,,,,,,,,,,,,,,,,,,,,,,,,,,discovery-key::a29450eb717af431f3f85639a0f9f14d697e54b426f97fc17ef8dac990994e21,2026-09-12
A00000165,トリニティセブン,,,,,TV,,,,,,,,,,,,,,,,,,,,,,,,,,,,,,,,,,,,,,,,,,,,,,,,,,,,,,,,,,,,,,discovery-key::10b7a1b0213f80233ccd78bc22feedc12067169b1fd85c49f98134d686df1028,2026-09-12
A00000166,モブサイコ100,,,,,TV,,,,,,,,,,,,,,,,,,,,,,,,,,,,,,,,,,,,,,,,,,,,,,,,,,,,,,,,,,,,,,discovery-key::ab2a2b0289fa77a07e09fbabc2a0ca6ad066c37f39883330412ce8071c7039bf,2026-09-12
A00000167,空の青さを知る人よ,,,,,MOVIE,,,,,,,,,,,,,,,,,,,,,,,,,,,,,,,,,,,,,,,,,,,,,,,,,,,,,,,,,,,,,,discovery-key::6e554b8796eff8b82f089cf54860f1d3cbc46690d81decdff1bc1002342fb308,2026-09-12
A00000168,五等分の花嫁,,,,,TV,,,,,S51e6ee718473289191be0846d4e418d74f9f65a464ff00ea8adfcf7cfcbe8ed2,,,,,,,,,,,,,,,,,,,,,,,,,,,,,,,,,,,,,,,,,,,,,,,,,,,,,,,,,discovery-key::3888cc803dda0ab31765ed9269bd617baf5e163995f0146818d5e9cdc65d401d,2026-09-12
A00000169,忍たま乱太郎,,,,,TV,,,,,,,,,,,,,,,,,,,,,,,,,,,,,,,,,,,,,,,,,,,,,,,,,,,,,,,,,,,,,,discovery-key::71b01d286bbcdf741d8ed74d455bd918393f5354993c5cd976b6de32e6180a58,2026-09-12
A00000170,映画けいおん!,,,,,MOVIE,,,,,,,,,,,,,,,,,,,,,,,,,,,,,,,,,,,,,,,,,,,,,,,,,,,2011-12-03,,,,,,,,,,,discovery-key::637613069f79a830816a5a609fc2795cc7d2f1ed37ca97d7b3e3451c8520835a,2026-09-12
A00000171,プリティーリズム・オーロラドリーム,,,,,TV,,,,,,,,,,,,,,,,,,,,,,,,,,,,,,,,,,,,,,,,,,,,,,,,,,,,,,,,,,,,,,discovery-key::71126c26d2effbff1c30a51b3b863f1135b0508a41a8be787a7965332625cea3,2026-09-12
A00000172,波打際のむろみさん,,,,,TV,,,,,,,,,,,,,,,,,,,,,,,,,,,,,,,,,,,,,,,,,,,,,,,,,,,,,,,,,,,,,,discovery-key::562153fc162ac8c8c4241f5c377ae12565bb1c49733c3854df424e1333c9984d,2026-09-12
A00000173,乙女ゲームの破滅フラグしかない悪役令嬢に転生してしまった...,,,,,TV,,,,,,,,,,,,,,,,,,,,,,,,,,,,,,,,,,,,,,,,,,,,,,,,,,,,,,,,,,,,,,discovery-key::d7a72e1e5c8849774b4f7b64403dcd71199336877cb1372a2ba66526204fdbbe,2026-09-12
A00000174,そばへ,,,,,ONA,,,,,,,,,,,,,,,,,,,,,,,,,,,,,,,,,,,,,,,,,,,,,,,,,,,,,,,,,,,,,,discovery-key::50566a9c17d36e0f899d2e9ccdac76678c04a8178d6595a3e6823d9d56876b13,2026-09-12
A00000175,ドロヘドロ,,,,,TV,,,,,,,,,,,,,,,,,,,,,,,,,,,,,,,,,,,,,,,,,,,,,,,,,,,,,,,,,,,,,,discovery-key::88ff8ce14448b97aa6e1e16fd352bc2ef5dad4f911eabace5a742761e2cd3215,2026-09-12
A00000176,やはり俺の青春ラブコメはまちがっている。完,,,,,TV,,,,,Sb3bac1d444678808395365f66eae73451803c0a9523fd73d071a50756dfaa272,,,,,,,,,,,,,,,,,,,,,,,,,,,,,,,,,,,,,,,,,,,,,,,,,,,,,,,,,discovery-key::5c6cd6ee15109d5dab562633f51a3796956043a5e30862ab45826b16dce6bc5d,2026-09-12
A00000177,交響詩篇エウレカセブン,,,,,TV,,,,,,,,,,,,,,,,,,,,,,,,,,,,,,,,,,,,,,,,,,,,,,,,,,,,,,,,,,,,,,discovery-key::20dedcf6608a8398bcb88db6bdf65b47e648cd972843da132f96b5cd6de42b38,2026-09-12
A00000178,五等分の花嫁∫∫,,,,,TV,,,,,S51e6ee718473289191be0846d4e418d74f9f65a464ff00ea8adfcf7cfcbe8ed2,,,,,,,,,,,,,,,,,,,,,,,,,,,,,,,,,,,,,,,,,,,,,,,,,,,,,,,,,discovery-key::342c3cbb97e568d68e6d683007c69e12d9d397d7c3f6d03a8de1ade3ee9798a1,2026-09-12
A00000179,ひだまりスケッチ×ハニカム,,,,,TV,,,,,S6209f358f2e9be14915ffb2de229e000530d5dba18c3a16282d9d9a493104289,,,,,,,,,,,,,,,,,,,,,,,,,,,,,,,,,,,,,,,,,,,,,,,,,,,,,,,,,discovery-key::77ad6620a1d9050e474043e970025c2e1b56bec56f8ab5b138620fd0870c2313,2026-09-12
A00000180,さよなら私のクラマー,,,,,TV,,,,,,,,,,,,,,,,,,,,,,,,,,,,,,,,,,,,,,,,,,,,,,,,,,,,,,,,,,,,,,discovery-key::97c94b0058bca555b42e1edf1d5762c040b95fa62de9141699ae54ffea3aae4b,2026-09-12
A00000181,不滅のあなたへ,,,,,TV,,,,,,,,,,,,,,,,,,,,,,,,,,,,,,,,,,,,,,,,,,,,,,,,,,,,,,,,,,,,,,discovery-key::f3b45e9bef6523521e992fcdce9657687e8356d5c6924953cba29b866db19e26,2026-09-12
A00000182,トニカクカワイイ,,,,,TV,,,,,,,,,,,,,,,,,,,,,,,,,,,,,,,,,,,,,,,,,,,,,,,,,,,,,,,,,,,,,,discovery-key::616e63fdc5d784ada4d1641770acd7d516f2921e9ddcd83c782d638ee3399da7,2026-09-12
A00000183,D4DJ First Mix,,,,,TV,,,,,,,,,,,,,,,,,,,,,,,,,,,,,,,,,,,,,,,,,,,,,,,,,,,,,,,,,,,,,,discovery-key::459321b679f2e218351de2f27f8ac2641fc254024457b3015cff619a58f7c78a,2026-09-12
A00000184,100万の命の上に俺は立っている,,,,,TV,,,,,,,,,,,,,,,,,,,,,,,,,,,,,,,,,,,,,,,,,,,,,,,,,,,,,,,,,,,,,,discovery-key::0dabc6e961d84e10a47f57ce0588cbfefad2d220ed26635471b8aeda76d4650c,2026-09-12
A00000185,ましろのおと,,,,,TV,,,,,,,,,,,,,,,,,,,,,,,,,,,,,,,,,,,,,,,,,,,,,,,,,,,,,,,,,,,,,,discovery-key::817dbb39c4644096a4411392109bf988e255cfb5bd9059cd5a44dc435c1c3bcb,2026-09-12
A00000186,セキレイ,,,,,TV,,,,,,,,,,,,,,,,,,,,,,,,,,,,,,,,,,,,,,,,,,,,,,,,,,,,,,,,,,,,,,discovery-key::52357229130bab0d821a9d4238e4bb96cdec35dee87761845ee934f26a3d099f,2026-09-12
A00000187,ヒーリングっど♥プリキュア,,,,,TV,,,,,,,,,,,,,,,,,,,,,,,,,,,,,,,,,,,,,,,,,,,,,,,,,,,,,,,,,,,,,,discovery-key::3c94aac308dde99338fb89ea371c3dcdaf98299d5807440c4dc49cd7b2e2140a,2026-09-12
A00000188,ひろがるスカイ!プリキュア,,,,,TV,,,,,,,,,,,,,,,,,,,,,,,,,,,,,,,,,,,,,,,,,,,,,,,,,,,,,,,,,,,,,,discovery-key::d86a8d279c9a612251edd88e62c74246de51eb79551aae914f6a0367868f07d4,2026-09-12
A00000189,キミとアイドルプリキュア♪,,,,,TV,,,,,,,,,,,,,,,,,,,,,,,,,,,,,,,,,,,,,,,,,,,,,,,,,,,,,,,,,,,,,,discovery-key::4fe3391a171e2ae868cd412ca5a1221d99c598e3c97d22831949d41e2daf9c8d,2026-09-12
A00000190,映画ドラえもん のび太の蒸気時間車,,,,,MOVIE,,,,,S583d813aa9f8db7d2323a8b149047a7139a46a0a670d6931b32286a0eea91740,,,,,,,,,,,,,,,,,,,,,,,,,,,,,,,,,,,,,,,,,,,,,,,,,,,,,,,,,discovery-key::c60baa96f6bf2ae7a535a43c986d9ef6da58e641e06542c42657b4700fa59c7a,2026-09-12
A00000191,ドラえもん のび太の南極カチコチ大冒険,,,,,MOVIE,,,,,,,,,,,,,,,,,,,,,,,,,,,,,,,,,,,,,,,,,,,,,,,,,,,2017-03-04,,,,,,,,,,,discovery-key::07dbcbbde25ff34fa53ed049ae85fddbdafe2df5166c6adf4425472b132125d4,2026-09-12
A00000192,映画ドラえもん のび太の宝島,,,,,MOVIE,,,,,,,,,,,,,,,,,,,,,,,,,,,,,,,,,,,,,,,,,,,,,,,,,,,,,,,,,,,,,,discovery-key::41178be65b7168f1536479ff36d3b01be36ce57f20e45d31060da432ad26c2b7,2026-09-12
A00000193,最近雇ったメイドが怪しい,,,,,TV,,,,,,,,,,,,,,,,,,,,,,,,,,,,,,,,,,,,,,,,,,,,,,,,,,,,,,,,,,,,,,discovery-key::289f4fa18ecf530b7a8587e75fb33895794287eee18f8090fca21272c063c826,2026-09-12
A00000194,シャインポスト,,,,,TV,,,,,,,,,,,,,,,,,,,,,,,,,,,,,,,,,,,,,,,,,,,,,,,,,,,,,,,,,,,,,,discovery-key::74f8d2a4ed5b284d8a62f8298c7b403491442a2fd504bf7a63ebe57f0ef8b80a,2026-09-12
A00000195,可愛いだけじゃない式守さん,,,,,TV,,,,,,,,,,,,,,,,,,,,,,,,,,,,,,,,,,,,,,,,,,,,,,,,,,,,,,,,,,,,,,discovery-key::5f853be5c1c7b9f98ab3eaeb399ed3f3a1903ed6f25fa94fedff78a38ff58995,2026-09-12
A00000196,鹿の王 ユナと約束の旅,,,,,MOVIE,,,,,,,,,,,,,,,,,,,,,,,,,,,,,,,,,,,,,,,,,,,,,,,,,,,,,,,,,,,,,,discovery-key::da962fd0be503d6f4f32c5f5d2d35e5fd54dce8fb9daf051bd5b0501c8d9db65,2026-09-12
A00000197,ヒーローバンク,,,,,TV,,,,,,,,,,,,,,,,,,,,,,,,,,,,,,,,,,,,,,,,,,,,,,,,,,,,,,,,,,,,,,discovery-key::e901beb1ef2d51f3a99fd71bce113b7cfc3dae1618b4a6ef45ca84eb7d6f59cc,2026-09-12
A00000198,迷宮ブラックカンパニー,,,,,TV,,,,,,,,,,,,,,,,,,,,,,,,,,,,,,,,,,,,,,,,,,,,,,,,,,,,,,,,,,,,,,discovery-key::5193ebbc3f73f25620b0939b00aeecdc7bbbfb45db847750265657b9b5d5d8ee,2026-09-12
A00000199,ドラゴンクエスト ダイの大冒険,,,,,TV,,,,,,,,,,,,,,,,,,,,,,,,,,,,,,,,,,,,,,,,,,,,,,,,,,,,,,,,,,,,,,discovery-key::9de38427183c9c3406baecdc458fd8210f17ff7a26453db590a165098fd040d6,2026-09-12
A00000200,魔法戦争,,,,,TV,,,,,,,,,,,,,,,,,,,,,,,,,,,,,,,,,,,,,,,,,,,,,,,,,,,,,,,,,,,,,,discovery-key::d3798cbd3726ad00508e1ac5f95eea03df51c80999115f0cf94db956482c30ae,2026-09-12
A00000201,魔法使い黎明期,,,,,TV,,,,,,,,,,,,,,,,,,,,,,,,,,,,,,,,,,,,,,,,,,,,,,,,,,,,,,,,,,,,,,discovery-key::f36d3bece27d0c69bf23d935d8656ab08d2d8a4578c362a0e8537b04f849a77c,2026-09-12
A00000202,映画 ゆるキャン△,,,,,MOVIE,,,,,,,,,,,,,,,,,,,,,,,,,,,,,,,,,,,,,,,,,,,,,,,,,,,2022-07-01,,,,,,,,,,,discovery-key::af8bb6fcd92b9aeee16cc28abd7756015ebb077d07300b258e4a6291490bfcab,2026-09-12
A00000203,CLANNAD,,,,,TV,,,,,,,,,,,,,,,,,,,,,,,,,,,,,,,,,,,,,,,,,,,,,,,,,,,,,,,,,,,,,,discovery-key::6c3aeabc90e646347011dd94f50f916b914fb00e4591cc3954f46ab3ed2d3419,2026-09-12
A00000204,僕らはみんな河合荘,,,,,TV,,,,,,,,,,,,,,,,,,,,,,,,,,,,,,,,,,,,,,,,,,,,,,,,,,,,,,,,,,,,,,discovery-key::4472ae0f0c088a4e5ba206785c45db640b9dfa28987100db0a6efc161f328b80,2026-09-12
A00000205,青春×機関銃,,,,,TV,,,,,,,,,,,,,,,,,,,,,,,,,,,,,,,,,,,,,,,,,,,,,,,,,,,,,,,,,,,,,,discovery-key::c0e6a3f8182c6e09b8f467910442a97b336e6b0f5c12326beaadb292149f8c18,2026-09-12
A00000206,地縛少年花子くん,,,,,TV,,,,,Sfdf1abd07ce52c0adb7953a4ed22543a8e08b159b20fc9a6af61de7bda82a67c,,,,,,,,,,,,,,,,,,,,,,,,,,,,,,,,,,,,,,,,,,,,,,,,,,,,,,,,,discovery-key::7c24f03b58d7b3deb9fe20bd4f9f8496252a27fde60f7fbb6852f006bedbe827,2026-09-12
A00000207,変人のサラダボウル,,,,,TV,,,,,,,,,,,,,,,,,,,,,,,,,,,,,,,,,,,,,,,,,,,,,,,,,,,,,,,,,,,,,,discovery-key::0bf5c34d3ff3718d52f8c182d670778c4a45fc2ff4e6793d7e8022ac1b190c7a,2026-09-12
A00000208,魔女と野獣,,,,,TV,,,,,,,,,,,,,,,,,,,,,,,,,,,,,,,,,,,,,,,,,,,,,,,,,,,,,,,,,,,,,,discovery-key::39af3402570139bf89540956953e64c8047a41e955c4e0bf73ec733b0fe24038,2026-09-12
A00000209,甘城ブリリアントパーク,,,,,TV,,,,,,,,,,,,,,,,,,,,,,,,,,,,,,,,,,,,,,,,,,,,,,,,,,,,,,,,,,,,,,discovery-key::d32fcf295a8877206316da1ca0144ea9cf24c20eb32ba9f633d47539122c16d2,2026-09-12
A00000210,ゆるキャン△ SEASON3,,,,,TV,,,,,S5e23a15b033d0e59b68dc6b1e3b9416a52516cc989966f63db02fb2215143d20,,,,,,,,,,,,,,,,,,,,,,,,,,,,,,,,,,,,,,,,,,,,,,,,,,,,,,,,,discovery-key::c52515f8db3ed82fec55bd1fe4232280e24cca4ef623ee975175ce46a388e2b2,2026-09-12
A00000211,私がモテてどうすんだ,,,,,TV,,,,,,,,,,,,,,,,,,,,,,,,,,,,,,,,,,,,,,,,,,,,,,,,,,,,,,,,,,,,,,discovery-key::3758399ab32ec2316c4528c96f9968256379e3f32963d70a6583f53d9a43ba30,2026-09-12
A00000212,ステラ女学院高等科C3部,,,,,TV,,,,,,,,,,,,,,,,,,,,,,,,,,,,,,,,,,,,,,,,,,,,,,,,,,,,,,,,,,,,,,discovery-key::d76a691cdd234efc14d2cea23741cdaeef4e17f34945e8ef0361224b5cfcd2fb,2026-09-12
A00000213,リトルバスターズ!EX,,,,,OVA,,,,,,,,,,,,,,,,,,,,,,,,,,,,,,,,,,,,,,,,,,,,,,,,,,,,,,,,,,,,,,discovery-key::6f14682df5cbcab13c442658e349f60be5da88b6deb75cf8bf2cedb44cbc4dcd,2026-09-12
A00000214,はんだくん,,,,,TV,,,,,,,,,,,,,,,,,,,,,,,,,,,,,,,,,,,,,,,,,,,,,,,,,,,,,,,,,,,,,,discovery-key::3cab956c95c2c530b3c42506c14afff52570dfe0aeca2b895483db9ca6ff401d,2026-09-12
A00000215,だがしかし,,,,,TV,,,,,,,,,,,,,,,,,,,,,,,,,,,,,,,,,,,,,,,,,,,,,,,,,,,,,,,,,,,,,,discovery-key::507c8a262f5fcd09b1ce9f9be247d4e74f001b68b4fea114b0797b25fe525206,2026-09-12
A00000216,キルミーベイベー,,,,,TV,,,,,,,,,,,,,4コマ漫画系,,,,,,,,,,,,,,,,,,,,,,,,,,,,,,,,,,,,,,,,,,,,,,,,,discovery-key::3c2f4167201933a6d629339d71d618400b7d1e6a8bf886a3788776f481a7fd37,2026-09-12
A00000217,ガーリッシュナンバー,,,,,TV,,,,,,,,,,,,,,,,,,,,,,,,,,,,,,,,,,,,,,,,,,,,,,,,,,,,,,,,,,,,,,discovery-key::e7dc86af63ddbc696f10f7cbeaa3ac0b21fd6eec8fe55846232c7e5e3e70ec99,2026-09-12
A00000218,タコピーの原罪,,,,,ONA,,,,,,,,,,,,,,,,,,,,,,,,,,,,,,,,,,,,,,,,,,,,,,,,,,,,,,,,,,,,,,discovery-key::6c879d2887a02744f7ababe0ed3af4267b6373487e0e5eb46dd5abf8793ac038,2026-09-12
A00000219,ヤング ブラック・ジャック,,,,,TV,,,,,,,,,,,,,,,,,,,,,,,,,,,,,,,,,,,,,,,,,,,,,,,,,,,,,,,,,,,,,,discovery-key::273e4559e9fd704ac90e1be24d0fae583aa10232928304c69364b9d139760ff7,2026-09-12
A00000220,THE IDOLM@STER MOVIE 輝きの向こう側へ!,,,,,MOVIE,,,,,,,,,,,,,,,,,,,,,,,,,,,,,,,,,,,,,,,,,,,,,,,,,,,2014-01-25,,,,,,,,,,,discovery-key::c3c2522771afe7441fb04bdd1d49bf489ff4d7e9eea3266dfd39b145737ecd49,2026-09-12
A00000221,THE IDOLM@STER,,,,,TV,,,,,,,,,,,,,,,,,,,,,,,,,,,,,,,,,,,,,,,,,,,,,,,,,,,,,,,,,,,,,,discovery-key::69d13be094505743d2d618ad5f0026308ae2503d802cf4ddfcaa50ea1374c6f7,2026-09-12
A00000222,セイレン,,,,,TV,,,,,,,,,,,,,,,,,,,,,,,,,,,,,,,,,,,,,,,,,,,,,,,,,,,,,,,,,,,,,,discovery-key::bc91349061077b3490d8b6a5ce62726eb585a76fa8117e4539a4bd6c87622be6,2026-09-12
A00000223,アクションヒロイン チアフルーツ,,,,,TV,,,,,,,,,,,,,,,,,,,,,,,,,,,,,,,,,,,,,,,,,,,,,,,,,,,,,,,,,,,,,,discovery-key::cff2ed827032439cfc696caaba0a62fe2c2f69f42c141dca5377e370a7f01594,2026-09-12
A00000224,武装神姫,,,,,TV,,,,,,,,,,,,,,,,,,,,,,,,,,,,,,,,,,,,,,,,,,,,,,,,,,,,,,,,,,,,,,discovery-key::e284be9d596c85d551d8100fc96db40bcc0380695ac8fc490f5d6315dbde5e6c,2026-09-12
A00000225,星合の空,,,,,TV,,,,,,,,,,,,,,,,,,,,,,,,,,,,,,,,,,,,,,,,,,,,,,,,,,,,,,,,,,,,,,discovery-key::5f116da7d220cfe955f7f15af810b8057268fd57dc0e0a349ead60f4b09d3006,2026-09-12
A00000226,たくのみ。,,,,,TV,,,,,,,,,,,,,,,,,,,,,,,,,,,,,,,,,,,,,,,,,,,,,,,,,,,,,,,,,,,,,,discovery-key::8b86a03255932e1274d3ae6fc3725115a51df82642ccb931411de3a55b6ec181,2026-09-12
A00000227,デート・ア・ライブ,,,,,TV,,,,,S9619d5fcf27649c804e873f447965d835a2032c8196b7469b9b065d7ca02f5a7,,,,,,,,,,,,,,,,,,,,,,,,,,,,,,,,,,,,,,,,,,,,,,,,,,,,,,,,,discovery-key::30b37758bfd5afaafb9af931a9a3b9b53938a3aaf8c6ac4bedb223fcae7c5776,2026-09-12
A00000228,さんかれあ,,,,,TV,,,,,,,,,,,,,,,,,,,,,,,,,,,,,,,,,,,,,,,,,,,,,,,,,,,,,,,,,,,,,,discovery-key::7cbcb414134a154d345d036f0545fd8f583c217e228cc25bcc7c2e45ffc5188e,2026-09-12
A00000229,ミイラの飼い方,,,,,TV,,,,,,,,,,,,,,,,,,,,,,,,,,,,,,,,,,,,,,,,,,,,,,,,,,,,,,,,,,,,,,discovery-key::7b554cec8fad081970777bec513d6928db4bfc2d3a0af6c49440b50da5f6a0d7,2026-09-12
A00000230,幸腹グラフィティ,,,,,TV,,,,,,,,,,,,,,,,,,,,,,,,,,,,,,,,,,,,,,,,,,,,,,,,,,,,,,,,,,,,,,discovery-key::c81335442dfe9e84fea0171058ae603100446d5b416fe695fc64038949563d1b,2026-09-12
A00000231,この美術部には問題がある!,,,,,TV,,,,,,,,,,,,,,,,,,,,,,,,,,,,,,,,,,,,,,,,,,,,,,,,,,,,,,,,,,,,,,discovery-key::7437bcf2f47f849ec91899dc6867c641159b3f5492632baee40b1e5176e8c9f9,2026-09-12
A00000232,安達としまむら,,,,,TV,,,,,,,,,,,,,,,,,,,,,,,,,,,,,,,,,,,,,,,,,,,,,,,,,,,,,,,,,,,,,,discovery-key::de638d2125376e7d6f634a1a20b849913ef1c4477562ad26e45f3e625d1926ed,2026-09-12
A00000233,桜Trick,,,,,TV,,,,,,,,,,,,,,,,,,,,,,,,,,,,,,,,,,,,,,,,,,,,,,,,,,,,,,,,,,,,,,discovery-key::f97c99eaee9f50d2a337f14ecd042054ed5387ad7e75fb2c3ddf8320cdfb706e,2026-09-12
A00000234,あっちこっち,,,,,TV,,,,,,,,,,,,,,,,,,,,,,,,,,,,,,,,,,,,,,,,,,,,,,,,,,,,,,,,,,,,,,discovery-key::29d7a978cc140955f531d587913b522e638c1cdeeaa87c5c189bbab33571d1a3,2026-09-12
A00000235,俺、つしま,,,,,TV,,,,,,,,,,,,,,,,,,,,,,,,,,,,,,,,,,,,,,,,,,,,,,,,,,,,,,,,,,,,,,discovery-key::f9e93639f7a8f8bde9ca88b59c662b4a6f792f40d05f797ff5fd4fb999f0d0ec,2026-09-12
A00000236,劇場版 七つの大罪 光に呪われし者たち,,,,,MOVIE,,,,,,,,,,,,,,,,,,,,,,,,,,,,,,,,,,,,,,,,,,,,,,,,,,,,,,,,,,,,,,discovery-key::ea7e89e17561899adf1d797473a196f03ac470f8fa3374698bcb0155ecda11f0,2026-09-12
A00000237,イケメン戦国◆時をかけるが恋ははじまらない,,,,,TV,,,,,,,,,,,,,,,,,,,,,,,,,,,,,,,,,,,,,,,,,,,,,,,,,,,,,,,,,,,,,,discovery-key::825bf59c287eb17a2199e13316ea5c467c0c01dd2eb096330f2e0edf0aa47ec6,2026-09-12
A00000238,神々の悪戯,,,,,TV,,,,,,,,,,,,,,,,,,,,,,,,,,,,,,,,,,,,,,,,,,,,,,,,,,,,,,,,,,,,,,discovery-key::96f94a582b86a7e9baa73817eff964726413c353bec66532fbb91a8d237d7d48,2026-09-12
A00000239,BROTHERS CONFLICT,,,,,TV,,,,,,,,,,,,,,,,,,,,,,,,,,,,,,,,,,,,,,,,,,,,,,,,,,,,,,,,,,,,,,discovery-key::5c22be1db431f0bf7b949268b3907485919609cdb912d8cc25c07a0e21581c85,2026-09-12
A00000240,DIABOLIK LOVERS,,,,,TV,,,,,,,,,,,,,,,,,,,,,,,,,,,,,,,,,,,,,,,,,,,,,,,,,,,,,,,,,,,,,,discovery-key::c1f4ea48a2da652af97e674b8de5d28a2c130b6d8495c35042348374c6efb54c,2026-09-12
A00000241,異世界薬局,,,,,TV,,,,,,,,,,,,,,,,,,,,,,,,,,,,,,,,,,,,,,,,,,,,,,,,,,,,,,,,,,,,,,discovery-key::92d78bbb9467098f12f9826e4870f697a53fc4b15e01d24795e5768cd6b07454,2026-09-12
A00000242,サマータイムレンダ,,,,,TV,,,,,,,,,,,,,,,,,,,,,,,,,,,,,,,,,,,,,,,,,,,,,,,,,,,,,,,,,,,,,,discovery-key::dae26e5b201752d610627e1516ae6d23c04168e26a1205e7e3c0ee42dff5e0b0,2026-09-12
A00000243,阿波連さんははかれない,,,,,TV,,,,,,,,,,,,,,,,,,,,,,,,,,,,,,,,,,,,,,,,,,,,,,,,,,,,,,,,,,,,,,discovery-key::56d8370d2b92641b1c8d7c2855feb1710104741fc85717ddde7f023a8edaef18,2026-09-12
A00000244,異世界はスマートフォンとともに。,,,,,TV,,,,,S8f94c8e20ad2cd39c3113211fd3fa6e40a5b60f79c859022e962103d8e8f247c,,,,,,,,,,,,,,,,,,,,,,,,,,,,,,,,,,,,,,,,,,,,,,,,,,,,,,,,,discovery-key::c09f7c58404294dba27480f2af3ff1facaa2bc98b3c64d339d22b277b6114b39,2026-09-12
A00000245,オリエント,,,,,TV,,,,,,,,,,,,,,,,,,,,,,,,,,,,,,,,,,,,,,,,,,,,,,,,,,,,,,,,,,,,,,discovery-key::10d9ce0d62ef3cdddffa5cf5f67bd9f039cc8887d41390ce7a409ff8d70847c0,2026-09-12
A00000246,POKÉTOON,,,,,ONA,,,,,,,,,,,,,,,,,,,,,,,,,,,,,,,,,,,,,,,,,,,,,,,,,,,,,,,,,,,,,,discovery-key::baf0d10e7a252b46822cbfe58588d830a5c6a288b26e9ffd429dcecbe1d411aa,2026-09-12
A00000247,宇崎ちゃんは遊びたい!,,,,,TV,,,,,Sf40def88fc32dd1519554c672ece215a1d1600163e8d661211bb843aefb472d3,,,,,,,,,,,,,,,,,,,,,,,,,,,,,,,,,,,,,,,,,,,,,,,,,,,,,,,,,discovery-key::bf49b4b4714c8a0ce87f656811db8b256baa6efe05d9275a7a2f46683c4c851f,2026-09-12
A00000248,宇崎ちゃんは遊びたい!ω,,,,,TV,,,,,Sf40def88fc32dd1519554c672ece215a1d1600163e8d661211bb843aefb472d3,,,,,,,,,,,,,,,,,,,,,,,,,,,,,,,,,,,,,,,,,,,,,,,,,,,,,,,,,discovery-key::fce0c791e0b433e49b8b3fe02a4ee54f0c4b9a67dc7020585052e68bf28621c9,2026-09-12
A00000249,古見さんは、コミュ症です。,,,,,TV,,,,,,,,,,,,,,,,,,,,,,,,,,,,,,,,,,,,,,,,,,,,,,,,,,,,,,,,,,,,,,discovery-key::236a157e28f64d901f1fd39bfbaa9824a702db37f2ade2c0ead2be59b1e79182,2026-09-12
A00000250,マブラヴ オルタネイティヴ,,,,,TV,,,,,,,,,,,,,,,,,,,,,,,,,,,,,,,,,,,,,,,,,,,,,,,,,,,,,,,,,,,,,,discovery-key::26bf9a56540cbee53855e10e00efe7542b3d0a5caaccf5397e318d266d37b094,2026-09-12
A00000251,リアデイルの大地にて,,,,,TV,,,,,,,,,,,,,,,,,,,,,,,,,,,,,,,,,,,,,,,,,,,,,,,,,,,,,,,,,,,,,,discovery-key::7442a56db9ca7509c4daaa4afe9c0d93c17687d39fedf622ac162aa23a6dabb7,2026-09-12
A00000252,ブルーロック,,,,,TV,,,,,,,,,,,,,,,,,,,,,,,,,,,,,,,,,,,,,,,,,,,,,,,,,,,,,,,,,,,,,,discovery-key::0cd6165386698cf66a1e439b896745607b30b7e0e746c0d18e413246b98428ff,2026-09-12
A00000253,異世界食堂,,,,,TV,,,,,S5afb7694ca0996f96ebac66ddd281b065d5b87df385c8eaca02238f21fa2df39,,,,,,,,,,,,,,,,,,,,,,,,,,,,,,,,,,,,,,,,,,,,,,,,,,,,,,,,,discovery-key::07a7760841c28742717727b69942dbf1366f16365b3085eaf5c39f20f0738a98,2026-09-12
A00000254,異世界食堂2,,,,,TV,,,,,S5afb7694ca0996f96ebac66ddd281b065d5b87df385c8eaca02238f21fa2df39,,,,,,,,,,,,,,,,,,,,,,,,,,,,,,,,,,,,,,,,,,,,,,,,,,,,,,,,,discovery-key::87dbf44ee32cb2da89ff032d10d9bb94a2e1c9314a12d0677d0f0a85ef2692fe,2026-09-12
A00000255,ぼっち・ざ・ろっく!,,,,,TV,,,,,,,,,,,,,,,,,,,,,,,,,,,,,,,,,,,,,,,,,,,,,,,,,,,,,,,,,,,,,,discovery-key::ab28a43772457bdad5ea69837ad7df70961b43e03f7ef66c80b6d5b600f3da00,2026-09-12
A00000256,ヒロインたるもの!〜嫌われヒロインと内緒のお仕事〜,,,,,TV,,,,,,,,,,,,,,,,,,,,,,,,,,,,,,,,,,,,,,,,,,,,,,,,,,,,,,,,,,,,,,discovery-key::c3657ec8a1a8daecaeaa5a3a32d66ba4c90ab652eebf4ff33f415c5ff4e5b978,2026-09-12
A00000257,キミとフィットボクシング,,,,,TV,,,,,,,,,,,,,,,,,,,,,,,,,,,,,,,,,,,,,,,,,,,,,,,,,,,,,,,,,,,,,,discovery-key::537b3a136a302de6c696367a8c917cadcd708a395bc076f57cf06a6acaff66bc,2026-09-12
A00000258,"Wake Up, Girls!新章",,,,,TV,,,,,,,,,,,,,,,,,,,,,,,,,,,,,,,,,,,,,,,,,,,,,,,,,,,,,,,,,,,,,,discovery-key::a3c87307d24ffe85e305c9da5d62cf5267e308cfa7e3c8f5e3c6c117b75d85e8,2026-09-12
A00000259,180秒で君の耳を幸せにできるか?,,,,,TV,,,,,,,,,,,,,,,,,,,,,,,,,,,,,,,,,,,,,,,,,,,,,,,,,,,,,,,,,,,,,,discovery-key::dd2a6bb911077a3804d039246c70be615b943c295bec7c5f781361e7c2781792,2026-09-12
A00000260,新米錬金術師の店舗経営,,,,,TV,,,,,,,,,,,,,,,,,,,,,,,,,,,,,,,,,,,,,,,,,,,,,,,,,,,,,,,,,,,,,,discovery-key::df2bc0a8017e79fe9be833fb8b6e26cecde8b2cc9d38082f61c8bcf3f3d03859,2026-09-12
A00000261,がんばれ同期ちゃん,,,,,ONA,,,,,,,,,,,,,,,,,,,,,,,,,,,,,,,,,,,,,,,,,,,,,,,,,,,,,,,,,,,,,,discovery-key::ff2f8376ec9a994ef5074120da3a42288c753cc98f7d59347d5eb7cfb80d8139,2026-09-12
A00000262,犬とハサミは使いよう,,,,,TV,,,,,,,,,,,,,,,,,,,,,,,,,,,,,,,,,,,,,,,,,,,,,,,,,,,,,,,,,,,,,,discovery-key::d6ec56c6bfc3b23949fba5f4862399e84995d8899ebd05daacbeb1ba7b30281e,2026-09-12
A00000263,進撃!巨人中学校,,,,,TV,,,,,,,,,,,,,,,,,,,,,,,,,,,,,,,,,,,,,,,,,,,,,,,,,,,,,,,,,,,,,,discovery-key::eb7e2108b2d89333ecbe1bcd7628fd1ce92b249b41366502bf65b25eb98163b3,2026-09-12
A00000264,シャイニング・ハーツ ~幸せのパン~,,,,,TV,,,,,,,,,,,,,,,,,,,,,,,,,,,,,,,,,,,,,,,,,,,,,,,,,,,,,,,,,,,,,,discovery-key::42c342da431ecb401e7c5a849a5965624ae457bf32e7c6a4da5bd1f760372d9b,2026-09-12
A00000265,地球物語―テレパス2500,,,,,MOVIE,,,,,,,,,,,,,,,,,,,,,,,,,,,,,,,,,,,,,,,,,,,,,,,,,,,,,,,,,,,,,,discovery-key::6b51222a3960166e7924d62ccd158df822c3d62437d5dda4602fa63a66a4df39,2026-09-12
A00000266,リーマンズクラブ,,,,,TV,,,,,,,,,,,,,,,,,,,,,,,,,,,,,,,,,,,,,,,,,,,,,,,,,,,,,,,,,,,,,,discovery-key::ece8003be6912cc5844cbe6866597811bf871606171260a8658a3e58f271e54f,2026-09-12
A00000267,東京24区,,,,,TV,,,,,,,,,,,,,,,,,,,,,,,,,,,,,,,,,,,,,,,,,,,,,,,,,,,,,,,,,,,,,,discovery-key::0e704aedcc1068a4751447672f716abb562823c9d5674d845faf32502d85ebdb,2026-09-12
A00000268,"Wake Up, Girls!",,,,,TV,,,,,,,,,,,,,,,,,,,,,,,,,,,,,,,,,,,,,,,,,,,,,,,,,,,,,,,,,,,,,,discovery-key::2068262c057454f8891e44b947f574ef78ab07b450dc61a1dc58e9f26c322102,2026-09-12
A00000269,その着せ替え人形は恋をする,,,,,TV,,,,,,,,,,,,,,,,,,,,,,,,,,,,,,,,,,,,,,,,,,,,,,,,,,,,,,,,,,,,,,discovery-key::dacb83ec1cdd87b2c64ca5f9208f734e38abd4f5a38006415e23f4485ca256f2,2026-09-12
A00000270,異世界美少女受肉おじさんと,,,,,TV,,,,,,,,,,,,,,,,,,,,,,,,,,,,,,,,,,,,,,,,,,,,,,,,,,,,,,,,,,,,,,discovery-key::d71c4edd095632ed9b5963d2b3616f7d4884825095f1b3e570257c3208ff124d,2026-09-12
A00000271,怪人開発部の黒井津さん,,,,,TV,,,,,,,,,,,,,,,,,,,,,,,,,,,,,,,,,,,,,,,,,,,,,,,,,,,,,,,,,,,,,,discovery-key::4fbb8c0f110e0f55c75838e9f3eeb128ece76defd87a6252989f176e35c11911,2026-09-12
A00000272,佐々木と宮野,,,,,TV,,,,,,,,,,,,,,,,,,,,,,,,,,,,,,,,,,,,,,,,,,,,,,,,,,,,,,,,,,,,,,discovery-key::f25c5de2b5675fbc4b89b72d9bd14010e6958b52cdf1eebf354196eb06f45981,2026-09-12
A00000273,昭和アホ草紙あかぬけ一番!,,,,,TV,,,,,,,,,,,,,,,,,,,,,,,,,,,,,,,,,,,,,,,,,,,,,,,,,,,,,,,,,,,,,,discovery-key::0e23c0a0727991b708a5010224d5f08626137d3d3c8a930756d4d703b66f0c55,2026-09-12
A00000274,雪ほどきし二藍,,,,,ONA,,,,,,,,,,,,,,,,,,,,,,,,,,,,,,,,,,,,,,,,,,,,,,,,,,,,,,,,,,,,,,discovery-key::4c7d0bee21debe3a2476d062f2a14eb44265a084abd6f0b6c8388290de84fede,2026-09-12
A00000275,異世界はスマートフォンとともに。2,,,,,TV,,,,,S8f94c8e20ad2cd39c3113211fd3fa6e40a5b60f79c859022e962103d8e8f247c,,,,,,,,,,,,,,,,,,,,,,,,,,,,,,,,,,,,,,,,,,,,,,,,,,,,,,,,,discovery-key::90b81fe26c097f344921be9a1bea776b85ea3c259441c3474fcf0f2cc182b1cd,2026-09-12
A00000276,阿波連さんははかれない season2,,,,,TV,,,,,S21e09b8811322eee4b8ddd0a68b33f4415e19794e4167c539a410e44a57c059c,,,,,,,,,,,,,,,,,,,,,,,,,,,,,,,,,,,,,,,,,,,,,,,,,,,,,,,,,discovery-key::a213310d3b4fab0b95be341f25983b113ee1050448a7a786cd21c33437df3ce7,2026-09-12
A00000277,紅三四郎,,,,,TV,,,,,,,,,,,,,,,,,,,,,,,,,,,,,,,,,,,,,,,,,,,,,,,,,,,,,,,,,,,,,,discovery-key::6f08f1e54c24fb3a0b660219d17bd600c44c529034bd3db0ba1483abc3befe0d,2026-09-12
A00000278,ウマ娘 プリティーダービー,,,,,TV,,,,,Se1d30fc44288e03014b2f149f3f773345d5526ec3b3fd3c209ed9b0aaf10cc71,,,,,,,,,,,,,,,,,,,,,,,,,,,,,,,,,,,,,,,,,,,,,,,,,,,,,,,,,discovery-key::d7004ddc9925388541662e8058a2cc5efe3f4a174d9c4cb5b4dac8ef510130b5,2026-09-12
A00000279,うまよん,,,,,TV,,,,,,,,,,,,,,,,,,,,,,,,,,,,,,,,,,,,,,,,,,,,,,,,,,,,,,,,,,,,,,discovery-key::70d8c2cf5e9ab9ec02b38a7b4e8ebc8f5194df0261c9eeeb946445545d39aa29,2026-09-12
A00000280,くノ一ツバキの胸の内,,,,,TV,,,,,,,,,,,,,,,,,,,,,,,,,,,,,,,,,,,,,,,,,,,,,,,,,,,,,,,,,,,,,,discovery-key::197071ab0f195b5e1f648d30d24bdc26dc0cf0f040e1c03d91ba9c6a630e8f39,2026-09-12
A00000281,よふかしのうた,,,,,TV,,,,,,,,,,,,,,,,,,,,,,,,,,,,,,,,,,,,,,,,,,,,,,,,,,,,,,,,,,,,,,discovery-key::3c4750d2cb205008403c8b72705301dd054ee4201c1c67000fb740dc6079924c,2026-09-12
A00000282,社畜さんは幼女幽霊に癒されたい。,,,,,TV,,,,,,,,,,,,,,,,,,,,,,,,,,,,,,,,,,,,,,,,,,,,,,,,,,,,,,,,,,,,,,discovery-key::7e54a6a126c521216aad07af3f385d0e788d2b7fdbd6e4a54a8c6a5f071e9503,2026-09-12
A00000283,グッバイ、ドン・グリーズ!,,,,,MOVIE,,,,,,,,,,,,,,,,,,,,,,,,,,,,,,,,,,,,,,,,,,,,,,,,,,,,,,,,,,,,,,discovery-key::61455d7ea3d904656b46dd10677dbec16a7c66bdbb5494e72b9fa54019cb237a,2026-09-12
A00000284,魔都精兵のスレイブ,,,,,TV,,,,,,,,,,,,,,,,,,,,,,,,,,,,,,,,,,,,,,,,,,,,,,,,,,,,,,,,,,,,,,discovery-key::5a0bf9895515c3e4bf48a3793f16f402fb70a8a31eef4cf101a0095c269ecfdc,2026-09-12
A00000285,ちょこっとアニメ けものフレンズ3,,,,,ONA,,,,,,,,,,,,,,,,,,,,,,,,,,,,,,,,,,,,,,,,,,,,,,,,,,,,,,,,,,,,,,discovery-key::e6e01c1b5f49b914903b106fb6c0c83b789dbaf20b0941a8b40a15cd130aaea0,2026-09-12
A00000286,劇場版 呪術廻戦 0,,,,,MOVIE,,,,,,,,,,,,,,,,,,,,,,,,,,,,,,,,,,,,,,,,,,,,,,,,,,,,,,,,,,,,,,discovery-key::9073a2028d142459d27b9e0cd538bd848c97090d218dc20bda7616c2b3ec0c66,2026-09-12
A00000287,すずめの戸締まり,,,,,MOVIE,,,,,,,,,,,,,,,,,,,,,,,,,,,,,,,,,,,,,,,,,,,,,,,,,,,,,,,,,,,,,,discovery-key::d277bcd23d077fb888c7ffb57ee9346c2995dfac0c61c056ebd312dfeaf392ed,2026-09-12
A00000288,あやかしトライアングル,,,,,TV,,,,,,,,,,,,,,,,,,,,,,,,,,,,,,,,,,,,,,,,,,,,,,,,,,,,,,,,,,,,,,discovery-key::4151a03e2406aa346c3a43c8ca494cd4591eeb71a5095467e4fcfdcb0353a0d1,2026-09-12
A00000289,リコリス・リコイル,,,,,TV,,,,,,,,,,,,,,,,,,,,,,,,,,,,,,,,,,,,,,,,,,,,,,,,,,,,,,,,,,,,,,discovery-key::94990f1087d608e368fbe79fe75e4721e1421038d6712f7bbc6e3322e1c74104,2026-09-12
A00000290,お隣の天使様にいつの間にか駄目人間にされていた件,,,,,TV,,,,,,,,,,,,,,,,,,,,,,,,,,,,,,,,,,,,,,,,,,,,,,,,,,,,,,,,,,,,,,discovery-key::7f0357cc0d77043075cdd3c62987feb452467e51ee6f53aa38323da2846fbf7d,2026-09-12
A00000291,理系が恋に落ちたので証明してみた。,,,,,TV,,,,,Sbe13e1e6340126234de6f595c04a081bcc2a924daf49b13700105dfaa0249149,,,,,,,,,,,,,,,,,,,,,,,,,,,,,,,,,,,,,,,,,,,,,,,,,,,,,,,,,discovery-key::15591191ff109035b732cb8c794878e0b21b64452b05b4683fefe342e183fffb,2026-09-12
A00000292,コタローは1人暮らし,,,,,ONA,,,,,,,,,,,,,,,,,,,,,,,,,,,,,,,,,,,,,,,,,,,,,,,,,,,,,,,,,,,,,,discovery-key::b1b3a66e088f5738ae365aa3d07a5f3a152aa02d6ace4bc340d878bb20eff171,2026-09-12
A00000293,乙女ゲー世界はモブに厳しい世界です,,,,,TV,,,,,,,,,,,,,,,,,,,,,,,,,,,,,,,,,,,,,,,,,,,,,,,,,,,,,,,,,,,,,,discovery-key::e42539b85fddcff03e53b152be953e6cd621e9b603dffc97c0ebe4d8845003f5,2026-09-12
A00000294,Extreme Hearts,,,,,TV,,,,,,,,,,,,,,,,,,,,,,,,,,,,,,,,,,,,,,,,,,,,,,,,,,,,,,,,,,,,,,discovery-key::a41189cb91fb48a82b4d4b2182fc4b2b9668831945867fddb93def8eca2b8a9d,2026-09-12
A00000295,転生したら剣でした,,,,,TV,,,,,,,,,,,,,,,,,,,,,,,,,,,,,,,,,,,,,,,,,,,,,,,,,,,,,,,,,,,,,,discovery-key::3f50080017f5442c1ed25685c9c3bd5c95bb702a316fc9146003b173c8d3dbba,2026-09-12
A00000296,忍の一時,,,,,TV,,,,,,,,,,,,,,,,,,,,,,,,,,,,,,,,,,,,,,,,,,,,,,,,,,,,,,,,,,,,,,discovery-key::d1614483066ca25efc8c7d6ab918673cf36f5e7766d1bad4da757bedbdcf10e6,2026-09-12
A00000297,DEEMO サクラノオト -あなたの奏でた音が、今も響く-,,,,,MOVIE,,,,,,,,,,,,,,,,,,,,,,,,,,,,,,,,,,,,,,,,,,,,,,,,,,,,,,,,,,,,,,discovery-key::fa2d90f3d5cfc1d55c62724a801b9bd6730cbb14a30811649bb228368d384cd3,2026-09-12
A00000298,不徳のギルド,,,,,TV,,,,,,,,,,,,,,,,,,,,,,,,,,,,,,,,,,,,,,,,,,,,,,,,,,,,,,,,,,,,,,discovery-key::c68c096f8735e48412f30d5870ae000b8e4d773d43fe7bcc4a9b12bc89035f72,2026-09-12
A00000299,スパイ教室,,,,,TV,,,,,,,,,,,,,,,,,,,,,,,,,,,,,,,,,,,,,,,,,,,,,,,,,,,,,,,,,,,,,,discovery-key::272a22487336783692c68670e3f55ee4f74582c3322ed978752471f6ae3b5bec,2026-09-12
A00000300,ラグナクリムゾン,,,,,TV,,,,,,,,,,,,,,,,,,,,,,,,,,,,,,,,,,,,,,,,,,,,,,,,,,,,,,,,,,,,,,discovery-key::8e142752226e30383029e76e366eec38bf32e9deb46946e3a28b71a652f947d6,2026-09-12
A00000301,4人はそれぞれウソをつく,,,,,TV,,,,,,,,,,,,,,,,,,,,,,,,,,,,,,,,,,,,,,,,,,,,,,,,,,,,,,,,,,,,,,discovery-key::13a5fad4411e824ed9a67ddfacd6cbff3e16d6373cc6c06954f6c0578e5132e6,2026-09-12
A00000302,魔法少女マジカルデストロイヤーズ,,,,,TV,,,,,,,,,,,,,,,,,,,,,,,,,,,,,,,,,,,,,,,,,,,,,,,,,,,,,,,,,,,,,,discovery-key::4ca6b82137e502551473feb45855f02c99b25d37bbe90ff32aea123fcd05d67e,2026-09-12
A00000303,NieR: Automata Ver1.1a,,,,,TV,,,,,,,,,,,,,,,,,,,,,,,,,,,,,,,,,,,,,,,,,,,,,,,,,,,,,,,,,,,,,,discovery-key::0a4a1996fade9109038278b487f202bd8b781702e5fe2d11ed71cacfbb7168a6,2026-09-12
A00000304,レベル1だけどユニークスキルで最強です,,,,,TV,,,,,,,,,,,,,,,,,,,,,,,,,,,,,,,,,,,,,,,,,,,,,,,,,,,,,,,,,,,,,,discovery-key::8c508ae9ca1bc863bbcb4db0394d33828fbbf12e25ffe9f2643b01863eb850e4,2026-09-12
A00000305,Opus.COLORs,,,,,TV,,,,,,,,,,,,,,,,,,,,,,,,,,,,,,,,,,,,,,,,,,,,,,,,,,,,,,,,,,,,,,discovery-key::35779cb7ebebe7c91a29d720cf8ae407d314daee3b64d7100bebc495e88553a0,2026-09-12
A00000306,久保さんは僕を許さない,,,,,TV,,,,,,,,,,,,,,,,,,,,,,,,,,,,,,,,,,,,,,,,,,,,,,,,,,,,,,,,,,,,,,discovery-key::09164c1dfd563942985cb14181ebec6bcf46152a5952f975b27935964e236465,2026-09-12
A00000307,パリピ孔明,,,,,TV,,,,,,,,,,,,,,,,,,,,,,,,,,,,,,,,,,,,,,,,,,,,,,,,,,,,,,,,,,,,,,discovery-key::e8e8aecaee5a2b61f3aa538b120432e90a6209132d2feb513c656fdd0fd6e27d,2026-09-12
A00000308,デキる猫は今日も憂鬱,,,,,TV,,,,,,,,,,,,,,,,,,,,,,,,,,,,,,,,,,,,,,,,,,,,,,,,,,,,,,,,,,,,,,discovery-key::93cc24a300361dac4895a0451328933551d5073224713776129d39205924d09d,2026-09-12
A00000309,継母の連れ子が元カノだった,,,,,TV,,,,,,,,,,,,,,,,,,,,,,,,,,,,,,,,,,,,,,,,,,,,,,,,,,,,,,,,,,,,,,discovery-key::496358b6fc6cfc917070b326556e2513e120b6475ddd6fbef4adecc500ad3483,2026-09-12
A00000310,フルーツバスケット -prelude-,,,,,MOVIE,,,,,,,,,,,,,,,,,,,,,,,,,,,,,,,,,,,,,,,,,,,,,,,,,,,2022-02-18,,,,,,,,,,,discovery-key::bbb5ca61f2ba8a4b367f469e03ddc93b88de68f44d993711488dee3e3956a631,2026-09-12
A00000311,君は放課後インソムニア,,,,,TV,,,,,,,,,,,,,,,,,,,,,,,,,,,,,,,,,,,,,,,,,,,,,,,,,,,,,,,,,,,,,,discovery-key::5590df765fee0a9b1bd99306ce6f6e40ae66b5401cf71dab24b23a53ca32d19c,2026-09-12
A00000312,アオアシ,,,,,TV,,,,,,,,,,,,,,,,,,,,,,,,,,,,,,,,,,,,,,,,,,,,,,,,,,,,,,,,,,,,,,discovery-key::d1e67397b3f82b62ad95347f815c884a850af718cc4aa12ae5da6707f39fa248,2026-09-12
A00000313,【推しの子】,,,,,TV,,,,,,,,,,,,,,,,,,,,,,,,,,,,,,,,,,,,,,,,,,,,,,,,,,,,,,,,,,,,,,discovery-key::c50fd72a33849e2177049ce52f643e3a06ddecc6e6768071bd6e95fdb4c3e057,2026-09-12
A00000314,Engage Kiss,,,,,TV,,,,,,,,,,,,,,,,,,,,,,,,,,,,,,,,,,,,,,,,,,,,,,,,,,,,,,,,,,,,,,discovery-key::eab9e202ff618d5141ec99b9ba50f28073c9dec0b7c99474030bad61d3fb4ad4,2026-09-12
A00000315,異世界おじさん,,,,,TV,,,,,,,,,,,,,,,,,,,,,,,,,,,,,,,,,,,,,,,,,,,,,,,,,,,,,,,,,,,,,,discovery-key::42e58d9dd26dfb4ebcd7518bea2690bdd0c977779d68f7a83d8bf56d666340dd,2026-09-12
A00000316,SHORT PEACE,,,,,MOVIE,,,,,,,,,,,,,,,,,,,,,,,,,,,,,,,,,,,,,,,,,,,,,,,,,,,,,,,,,,,,,,discovery-key::5e3a886702eabe3473c23539e1cc6649180cc68be0bfe73e4555e90ca8a13160,2026-09-12
A00000317,うまゆる,,,,,ONA,,,,,,,,,,,,,,,,,,,,,,,,,,,,,,,,,,,,,,,,,,,,,,,,,,,,,,,,,,,,,,discovery-key::1c80e2f1568958fcafcdf36f01a117ee04455ad113446c764175349ea90addb6,2026-09-12
A00000318,ウマ娘 プリティーダービー ROAD TO THE TOP,,,,,ONA,2023-04-16,,,,,,,,,,,,,,,,,,,,,,,,,,,,,,,,,,,,,,,,,,,,,,,,,,,,,,,,,,,,,discovery-key::741883188c61ec7a22139f194d96518acba351bf7a3cd5f7b0facc648c908d7e,2026-09-12
A00000319,転生したら剣でしたII,,,,,TV,,,,,S44924166c749dc2a6f2ca1e7a82f2b55b11517227b11e4fd3d96b3dbc6adbc70,,,,,,,,,,,,,,,,,,,,,,,,,,,,,,,,,,,,,,,,,,,,,,,,,,,,,,,,,discovery-key::6321ea31abbf260cf78c3fd6c450574d539070dd6e1665ea749edc9d8df6d406,2026-09-12
A00000320,ウマ娘 シンデレラグレイ,,,,,TV,,,,,,,,,,,,,,,,,,,,,,,,,,,,,,,,,,,,,,,,,,,,,,,,,,,,,,,,,,,,,,discovery-key::022720b08f6b09085a2336add07db1ca73e59e6624dc7c1229e33fd10d763dd5,2026-09-12
A00000321,らくだい魔女 フウカと闇の魔女,,,,,MOVIE,,,,,,,,,,,,,,,,,,,,,,,,,,,,,,,,,,,,,,,,,,,,,,,,,,,,,,,,,,,,,,discovery-key::11b2f72bcb42259204d72ff1a6a6d766ae85c70c59011381ab8eb35c83033f9b,2026-09-12
A00000322,氷属性男子とクールな同僚女子,,,,,TV,,,,,,,,,,,,,,,,,,,,,,,,,,,,,,,,,,,,,,,,,,,,,,,,,,,,,,,,,,,,,,discovery-key::ef48be1bd6b87a534f39de6b3fd58b55fc86508c72e635e8448624c09d93a133,2026-09-12
A00000323,BLUE GIANT,,,,,MOVIE,,,,,,,,,,,,,,,,,,,,,,,,,,,,,,,,,,,,,,,,,,,,,,,,,,,,,,,,,,,,,,discovery-key::3c93115acf5216e36849f59a82d7d317b319c9c6cc5b9da9f94f75895a7c7db7,2026-09-12
A00000324,むさしの!,,,,,TV,,,,,,,,,,,,,,,,,,,,,,,,,,,,,,,,,,,,,,,,,,,,,,,,,,,,,,,,,,,,,,discovery-key::58568db452a083831cc613ce9e29ec8f84a4b42a9d324c491b9e403487064274,2026-09-12
A00000325,アキバ冥途戦争,,,,,TV,,,,,,,,,,,,,,,,,,,,,,,,,,,,,,,,,,,,,,,,,,,,,,,,,,,,,,,,,,,,,,discovery-key::2ea7209ed6fb90215d6aa18eddd53f7293b0483649a0f4389301d9eb44cb1b3e,2026-09-12
A00000326,あさがおと加瀬さん。,,,,,MOVIE,,,,,,,,,,,,,,,,,,,,,,,,,,,,,,,,,,,,,,,,,,,,,,,,,,,,,,,,,,,,,,discovery-key::95d67ad46c18b7ba72905af5b03aae3a867d1e37c1245561be37936a2abf8231,2026-09-12
A00000327,トモちゃんは女の子!,,,,,TV,,,,,,,,,,,,,,,,,,,,,,,,,,,,,,,,,,,,,,,,,,,,,,,,,,,,,,,,,,,,,,discovery-key::d835ea949271318929413ef7b7f2f59d69b63d3c970e65196333b16a2d30775b,2026-09-12
A00000328,HIGHSPEED Étoile,,,,,TV,,,,,,,,,,,,,,,,,,,,,,,,,,,,,,,,,,,,,,,,,,,,,,,,,,,,,,,,,,,,,,discovery-key::f78ba20fabda7df1af2db43bc37911cf69f37e8266114fdaaac15f6bdfcf46ee,2026-09-12
A00000329,ある朝ダミーヘッドマイクになっていた俺クンの人生,,,,,TV,,,,,,,,,,,,,,,,,,,,,,,,,,,,,,,,,,,,,,,,,,,,,,,,,,,,,,,,,,,,,,discovery-key::1be48d3d092d6001eeb26585c82fb745a002766f1ce81cb08d82809a82de8184,2026-09-12
A00000330,ナナマル サンバツ,,,,,TV,,,,,,,,,,,,,,,,,,,,,,,,,,,,,,,,,,,,,,,,,,,,,,,,,,,,,,,,,,,,,,discovery-key::4debf26cd04dc1c998276914682571d4f2ee590d3ab446c54db7f49654b0b914,2026-09-12
A00000331,神は遊戯に飢えている。,,,,,TV,,,,,,,,,,,,,,,,,,,,,,,,,,,,,,,,,,,,,,,,,,,,,,,,,,,,,,,,,,,,,,discovery-key::f9eb84bce45ea3540362d661e5eed648108629ae4833003218e1b6ebd8ccff23,2026-09-12
A00000332,BLEACH,,,,,TV,,,,,,,,,,,,,,,,,,,,,,,,,,,,,,,,,,,,,,,,,,,,,,,,,,,,,,,,,,,,,,discovery-key::2cde8d18812e77ae6c37f92a9b86f1414cf1616d37809947481eec5d8ab92951,2026-09-12
A00000333,浦和の調ちゃん,,,,,TV,,,,,,,,,,,,,,,,,,,,,,,,,,,,,,,,,,,,,,,,,,,,,,,,,,,,,,,,,,,,,,discovery-key::2ca397bb325a58947bff7eab2c5b3ae973938a0031c6956d90bfe310a597dd9e,2026-09-12
A00000334,後宮の烏,,,,,TV,,,,,,,,,,,,,,,,,,,,,,,,,,,,,,,,,,,,,,,,,,,,,,,,,,,,,,,,,,,,,,discovery-key::1431db3ea32d11cbc871d2f5a9a3aa669e5b0092be4abf4bd1a057d8cbad3612,2026-09-12
A00000335,妖狐×僕SS,,,,,TV,,,,,,,,,,,,,,,,,,,,,,,,,,,,,,,,,,,,,,,,,,,,,,,,,,,,,,,,,,,,,,discovery-key::79a111fcbc6a2d0991d29726aea6fc789366570ab08239a1bdae6a46337172a5,2026-09-12
A00000336,いつだって僕らの恋は10センチだった。,,,,,TV,,,,,,,,,,,,,,,,,,,,,,,,,,,,,,,,,,,,,,,,,,,,,,,,,,,,,,,,,,,,,,discovery-key::92d418b695048fa599c9c6c57bb9690194b6ad7cc95f3350fee0e41e8bc059a3,2026-09-12
A00000337,転生王女と天才令嬢の魔法革命,,,,,TV,,,,,,,,,,,,,,,,,,,,,,,,,,,,,,,,,,,,,,,,,,,,,,,,,,,,,,,,,,,,,,discovery-key::b4a16d331d169648c862de3e4265bb0a979e032c0c802bd1bd472cfd0a8d10f0,2026-09-12
A00000338,異世界でチート能力を手にした俺は、現実世界をも無双する~レベルアップは人生を変えた~,,,,,TV,,,,,,,,,,,,,,,,,,,,,,,,,,,,,,,,,,,,,,,,,,,,,,,,,,,,,,,,,,,,,,discovery-key::2988f711bcaef12b67008dc622ef8c266a12c81e36fba04f46e4bd633a384cf3,2026-09-12
A00000339,劇場版 少女☆歌劇 レヴュースタァライト,,,,,MOVIE,,,,,,,,,,,,,,,,,,,,,,,,,,,,,,,,,,,,,,,,,,,,,,,,,,,2021-06-04,,,,,,,,,,,discovery-key::a17bd0e4cb47cc6281a3be9004004b1f46400e46fbbb59ef4d043f5bb4937c2f,2026-09-12
A00000340,女神のカフェテラス,,,,,TV,,,,,,,,,,,,,,,,,,,,,,,,,,,,,,,,,,,,,,,,,,,,,,,,,,,,,,,,,,,,,,discovery-key::bda4e238c4647a501d0ead930f58d36b7c00b755a9551dad12fc39bf730fa933,2026-09-12
A00000341,劇場版 転生したらスライムだった件 紅蓮の絆編,,,,,MOVIE,,,,,,,,,,,,,,,,,,,,,,,,,,,,,,,,,,,,,,,,,,,,,,,,,,,,,,,,,,,,,,discovery-key::4911fe0c1e33fbc22b5ab75efe146a19592c438a9a8b6198acd4fd8b8427abbf,2026-09-12
A00000342,経験済みなキミと、経験ゼロなオレが、お付き合いする話。,,,,,TV,,,,,,,,,,,,,,,,,,,,,,,,,,,,,,,,,,,,,,,,,,,,,,,,,,,,,,,,,,,,,,discovery-key::9b2fc15435a8ecb1a01bfdff18189e36b3b6181a4afc9cebb333bccafbb525be,2026-09-12
A00000343,夫婦以上、恋人未満。,,,,,TV,,,,,,,,,,,,,,,,,,,,,,,,,,,,,,,,,,,,,,,,,,,,,,,,,,,,,,,,,,,,,,discovery-key::28dbbd64404b7810630247e90a8cec71a0456c7522b935cac2867001fc0e8c65,2026-09-12
A00000344,勇者パーティーを追放されたビーストテイマー、最強種の猫耳少女と出会う,,,,,TV,,,,,,,,,,,,,,,,,,,,,,,,,,,,,,,,,,,,,,,,,,,,,,,,,,,,,,,,,,,,,,discovery-key::e331223ce67dc2e1660d3e2d5bd5fdb2584ce1610065eb3c3c37cd243bfd6795,2026-09-12
A00000345,令和のデ・ジ・キャラット,,,,,TV,,,,,,,,,,,,,,,,,,,,,,,,,,,,,,,,,,,,,,,,,,,,,,,,,,,,,,,,,,,,,,discovery-key::bbf42a6a0a4627f0eb09d48ba92dc2586645f4c31aec020bf424e69da6287dea,2026-09-12
A00000346,異世界のんびり農家,,,,,TV,,,,,,,,,,,,,,,,,,,,,,,,,,,,,,,,,,,,,,,,,,,,,,,,,,,,,,,,,,,,,,discovery-key::966b3dc5ad1df9f2995beb3b2494e6fa184124346f5c165115c5d0bafd26db23,2026-09-12
A00000347,お兄ちゃんはおしまい!,,,,,TV,,,,,,,,,,,,,,,,,,,,,,,,,,,,,,,,,,,,,,,,,,,,,,,,,,,,,,,,,,,,,,discovery-key::70d9dcc835a0a923b3ed2f5623219eb100f8afc95a1e238e7f44ffed707fa82d,2026-09-12
A00000348,The Legend of Heroes 閃の軌跡 Northern War,,,,,TV,,,,,,,,,,,,,,,,,,,,,,,,,,,,,,,,,,,,,,,,,,,,,,,,,,,,,,,,,,,,,,discovery-key::2f2555068441303e836ef7b8ff492d70bb2a2ff14d137e66a50c130fe758fc5c,2026-09-12
A00000349,テルマエ・ロマエ,,,,,TV,,,,,,,,,,,,,,,,,,,,,,,,,,,,,,,,,,,,,,,,,,,,,,,,,,,,,,,,,,,,,,discovery-key::5960b0d76fdc6bd8a08669ac7cf78d44798b35b5d219afc56e1e283860914238,2026-09-12
A00000350,アークナイツ,,,,,TV,,,,,,,,,,,,,,,,,,,,,,,,,,,,,,,,,,,,,,,,,,,,,,,,,,,,,,,,,,,,,,discovery-key::d54f21f1d741c77c962050461981f64547989c6819b4d2226e0628c1715a22bd,2026-09-12
A00000351,夜のクラゲは泳げない,,,,,TV,,,,,,,,,,,,,,,,,,,,,,,,,,,,,,,,,,,,,,,,,,,,,,,,,,,,,,,,,,,,,,discovery-key::2ffd7b0472fb51eb4b7bc1845853ff0cd14c89d9d1c470cb39950014ce879dca,2026-09-12
A00000352,アオのハコ,,,,,TV,,,,,,,,,,,,,,,,,,,,,,,,,,,,,,,,,,,,,,,,,,,,,,,,,,,,,,,,,,,,,,discovery-key::fc8de0afd09e1d44b91b67621ea0065e552716ced07069d31f218d4b0a53d3b0,2026-09-12
A00000353,もめんたりー・リリィ,,,,,TV,,,,,,,,,,,,,,,,,,,,,,,,,,,,,,,,,,,,,,,,,,,,,,,,,,,,,,,,,,,,,,discovery-key::cbe5134ed1ff7162bd84ca0520a02f175c4d211a095a6cbf98029c80e73a1e30,2026-09-12
A00000354,劇場版 忍たま乱太郎 ドクタケ忍者隊最強の軍師,,,,,MOVIE,,,,,,,,,,,,,,,,,,,,,,,,,,,,,,,,,,,,,,,,,,,,,,,,,,,,,,,,,,,,,,discovery-key::8896b5e73d61990239304632bf9f79822931fefe7aa8b91a6ed086d18ca44832,2026-09-12
A00000355,劇場版プロジェクトセカイ 壊れたセカイと歌えないミク,,,,,MOVIE,,,,,,,,,,,,,,,,,,,,,,,,,,,,,,,,,,,,,,,,,,,,,,,,,,,,,,,,,,,,,,discovery-key::be034c2a1861b236634c827bbe5af7351c289b2b9fd509cbba9f73e90e5a1245,2026-09-12
A00000356,魔法使いの約束,,,,,TV,,,,,,,,,,,,,,,,,,,,,,,,,,,,,,,,,,,,,,,,,,,,,,,,,,,,,,,,,,,,,,discovery-key::6d699bed32746717304b41707e98c2985659e61f45bc5a5a3123e7f9a897baee,2026-09-12
A00000357,正反対な君と僕,,,,,TV,,,,,,,,,,,,,,,,,,,,,,,,,,,,,,,,,,,,,,,,,,,,,,,,,,,,,,,,,,,,,,discovery-key::a58adb51d7afac08fe2924a2994d6b8fd8beb8921d1145ee370048ebf69c87a3,2026-09-12
A00000358,氷の城壁,,,,,TV,,,,,,,,,,,,,,,,,,,,,,,,,,,,,,,,,,,,,,,,,,,,,,,,,,,,,,,,,,,,,,discovery-key::3c2482a066290fc977938130f250dd1f572cf0378dca0ee1e042fe5c87377453,2026-09-12
A00000359,ワールド イズ ダンシング,,,,,TV,,,,,,,,,,,,,,,,,,,,,,,,,,,,,,,,,,,,,,,,,,,,,,,,,,,,,,,,,,,,,,discovery-key::e58090a47cd10f0adb047a05d7c56acf6c27c313695564b29ac1e9dd882d0b11,2026-09-12
A00000360,銀河英雄伝説,,,,,OVA,,,,,,,,,,,,,,,,,,,,,,,,,,,,,,,,,,,,,,,,,,,,,,,,,,,,,,,,,,,,,,discovery-key::3fca626fdb2808da187bf63825bd0952a4b9d6c8a91d45ff383b1406d7ecc8f6,2026-09-12
A00000361,アカメが斬る!,,,,,TV,,,,,,,,,,,,,,,,,,,,,,,,,,,,,,,,,,,,,,,,,,,,,,,,,,,,,,,,,,,,,,discovery-key::a7002b1d970793ce10d74faa2666bf8332929e1164f50032caaf18720c2fe31c,2026-09-12
A00000362,ヴァイオレット・エヴァーガーデン,,,,,TV,,,,,,,,,,,,,,,,,,,,,,,,,,,,,,,,,,,,,,,,,,,,,,,,,,,,,,,,,,,,,,discovery-key::d19b6ceabe5338bb01b3758406395f793eaee1cf863d5195d0012cb3655fbabe,2026-09-12
A00000363,平家物語,,,,,ONA,,,,,,,,,,,,,,,,,,,,,,,,,,,,,,,,,,,,,,,,,,,,,,,,,,,,,,,,,,,,,,discovery-key::79e67dcccbacf83878de85e9ea0a6d00bad0ac8b2068136aa51a66a07ca0ad90,2026-09-12
A00000364,うちの会社の小さい先輩の話,,,,,TV,,,,,,,,,,,,,,,,,,,,,,,,,,,,,,,,,,,,,,,,,,,,,,,,,,,,,,,,,,,,,,discovery-key::84122348c0c82fed0250e7eb143bdaf570bcb310189530aaaeb72e2d771d73f9,2026-09-12
A00000365,政宗くんのリベンジ,,,,,TV,,,,,Sfa451c188bd9c3153b38d4ab65b528397b5fed33b03529fc1f1baddca35f7d23,,,,,,,,,,,,,,,,,,,,,,,,,,,,,,,,,,,,,,,,,,,,,,,,,,,,,,,,,discovery-key::d68e594ff039904e84954ccdc4ad1c9c55ac006ced0cba84f283a9f9950105de,2026-09-12
A00000366,政宗くんのリベンジR,,,,,TV,,,,,Sfa451c188bd9c3153b38d4ab65b528397b5fed33b03529fc1f1baddca35f7d23,,,,,,,,,,,,,,,,,,,,,,,,,,,,,,,,,,,,,,,,,,,,,,,,,,,,,,,,,discovery-key::5f8973d25c8defabc55370b1c44ba5169cba5498c4b0272cfd5d01bdc8f6a3ed,2026-09-12
A00000367,立花館To Lieあんぐる,,,,,TV,,,,,,,,,,,,,,,,,,,,,,,,,,,,,,,,,,,,,,,,,,,,,,,,,,,,,,,,,,,,,,discovery-key::8d8867284fb0598da8184adac9008d2665044047a483e16dc719b354a9a94323,2026-09-12
A00000368,Buddy Daddies,,,,,TV,,,,,,,,,,,,,,,,,,,,,,,,,,,,,,,,,,,,,,,,,,,,,,,,,,,,,,,,,,,,,,discovery-key::f21d2873dfddabe4c55722d2525149de5b0240719a8811fa634ccc6b3dac3978,2026-09-12
A00000369,カワイスギクライシス,,,,,TV,,,,,,,,,,,,,,,,,,,,,,,,,,,,,,,,,,,,,,,,,,,,,,,,,,,,,,,,,,,,,,discovery-key::57bd6e78dd482809219097429829cba4b52dfbe87fde775843b7cc1cea1c5d17,2026-09-12
A00000370,私の百合はお仕事です!,,,,,TV,,,,,,,,,,,,,,,,,,,,,,,,,,,,,,,,,,,,,,,,,,,,,,,,,,,,,,,,,,,,,,discovery-key::cc8a3410d13d0c58d2964a382d5bd4ae2b6321cabb33a2536c12773591bf88c0,2026-09-12
A00000371,デッドマウント・デスプレイ,,,,,TV,,,,,,,,,,,,,,,,,,,,,,,,,,,,,,,,,,,,,,,,,,,,,,,,,,,,,,,,,,,,,,discovery-key::9ff8006677b0007de9f989cc778bb5372c39e087bcb8c356adb575d435d95f4a,2026-09-12
A00000372,ピンポン THE ANIMATION,,,,,TV,,,,,,,,,,,,,,,,,,,,,,,,,,,,,,,,,,,,,,,,,,,,,,,,,,,,,,,,,,,,,,discovery-key::945c535ccd21710ad9c38b6a3a485a749f70dc3e834c9917d387154f367d2747,2026-09-12
A00000373,夢見る男子は現実主義者,,,,,TV,,,,,,,,,,,,,,,,,,,,,,,,,,,,,,,,,,,,,,,,,,,,,,,,,,,,,,,,,,,,,,discovery-key::a1558b3b1b19756209c14fa6d6cb5ce71a5ce1b794b5edc8a7db5076271b3890,2026-09-12
A00000374,人間不信の冒険者たちが世界を救うようです,,,,,TV,,,,,,,,,,,,,,,,,,,,,,,,,,,,,,,,,,,,,,,,,,,,,,,,,,,,,,,,,,,,,,discovery-key::098caa00c3cd8b41fa05ea8ac3eed711c626c92e0b65cd2c3b368a0f67a57cd3,2026-09-12
A00000375,老後に備えて異世界で8万枚の金貨を貯めます,,,,,TV,,,,,,,,,,,,,,,,,,,,,,,,,,,,,,,,,,,,,,,,,,,,,,,,,,,,,,,,,,,,,,discovery-key::90fc942da51d0c6df4ad3701a2ffd6f2313f19283058f4fb655669d3c7eff814,2026-09-12
A00000376,TRIGUN STAMPEDE,,,,,TV,,,,,,,,,,,,,,,,,,,,,,,,,,,,,,,,,,,,,,,,,,,,,,,,,,,,,,,,,,,,,,discovery-key::81b437ad55d7e64a379328a3d7543706fd0a7e4a4296cff24ace598f079b2254,2026-09-12
A00000377,HIGH CARD,,,,,TV,,,,,,,,,,,,,,,,,,,,,,,,,,,,,,,,,,,,,,,,,,,,,,,,,,,,,,,,,,,,,,discovery-key::01a7e3d5ca9a40358b3c84b0f37d2ec8e62433a0364f1b9f4e6bf8579fa34bc7,2026-09-12
A00000378,勇者が死んだ!,,,,,TV,,,,,,,,,,,,,,,,,,,,,,,,,,,,,,,,,,,,,,,,,,,,,,,,,,,,,,,,,,,,,,discovery-key::ee6fbcba4720f4bf9bd7f03f0d5179eb736bb20460148ab6ae973052fa234db3,2026-09-12
A00000379,強くてニューサーガ,,,,,TV,,,,,,,,,,,,,,,,,,,,,,,,,,,,,,,,,,,,,,,,,,,,,,,,,,,,,,,,,,,,,,discovery-key::062f8dbac27aa1513881b53d9854fb6c883c8d8fef5c860712281ba96b1527c7,2026-09-12
A00000380,戦×恋,,,,,TV,,,,,,,,,,,,,,,,,,,,,,,,,,,,,,,,,,,,,,,,,,,,,,,,,,,,,,,,,,,,,,discovery-key::57d098b104b1e0f7e490a346838329a68c4202fd341f7a93631d620fd66e866a,2026-09-12
A00000381,ライアー・ライアー,,,,,TV,,,,,,,,,,,,,,,,,,,,,,,,,,,,,,,,,,,,,,,,,,,,,,,,,,,,,,,,,,,,,,discovery-key::fce6bb2c52f9ae52c1dcf5c91f285d3f4bfb9a959f7676959ddade6349b2b50f,2026-09-12
A00000382,2.5次元の誘惑,,,,,TV,,,,,,,,,,,,,,,,,,,,,,,,,,,,,,,,,,,,,,,,,,,,,,,,,,,,,,,,,,,,,,discovery-key::63682f3970be3c0d1ef593a7815fd1deea75bfd8c6801dfc7e57a32ba470f67b,2026-09-12
A00000383,私の推しは悪役令嬢。,,,,,TV,,,,,,,,,,,,,,,,,,,,,,,,,,,,,,,,,,,,,,,,,,,,,,,,,,,,,,,,,,,,,,discovery-key::0586c27f5797e3bf6213959162045608e4ff3a4b4955384a8cdfc5ab8143f606,2026-09-12
A00000384,アンデッドアンラック,,,,,TV,,,,,,,,,,,,,,,,,,,,,,,,,,,,,,,,,,,,,,,,,,,,,,,,,,,,,,,,,,,,,,discovery-key::e5c7ad50a755276a807628d49d58d7cc4b7779462bc4fa90ff670e1fab083a00,2026-09-12
A00000385,TRIGUN STARGAZE,,,,,TV,,,,,,,,,,,,,,,,,,,,,,,,,,,,,,,,,,,,,,,,,,,,,,,,,,,,,,,,,,,,,,discovery-key::8ca9f2fa21adb1d778ba0fa3c9f36740e39b7c5691de121546caccef84b79de7,2026-09-12
A00000386,夜桜さんちの大作戦,,,,,TV,,,,,,,,,,,,,,,,,,,,,,,,,,,,,,,,,,,,,,,,,,,,,,,,,,,,,,,,,,,,,,discovery-key::9577141d0ed0bce636077db65889e2f5c136bb825f7261b2c9b4e5f8e0eb240d,2026-09-12
A00000387,ポールプリンセス!!,,,,,ONA,,,,,,,,,,,,,,,,,,,,,,,,,,,,,,,,,,,,,,,,,,,,,,,,,,,,,,,,,,,,,,discovery-key::ad578aef87eeffda18f2d433071ab75ae0d5f9bbf02cb0335f2ce7bb1ee76123,2026-09-12
A00000388,山田くんとLv999の恋をする,,,,,TV,,,,,,,,,,,,,,,,,,,,,,,,,,,,,,,,,,,,,,,,,,,,,,,,,,,,,,,,,,,,,,discovery-key::24ade02504f784fb99be9bb8d329ef137925c7685113466b53ff828848b1fc23,2026-09-12
A00000389,暴食のベルセルク,,,,,TV,,,,,,,,,,,,,,,,,,,,,,,,,,,,,,,,,,,,,,,,,,,,,,,,,,,,,,,,,,,,,,discovery-key::d6c8be4338dfd1376af3d318793ed6097b3581d1e79ae24e1f2cb82bbec6ac6e,2026-09-12
A00000390,ゆゆ式,,,,,TV,,,,,,,,,,,,,,,,,,,,,,,,,,,,,,,,,,,,,,,,,,,,,,,,,,,,,,,,,,,,,,discovery-key::9c4cc93c91f0fdaf2b2e9c3636de7bc28acc37866549d7f99cfa5558a4a3730b,2026-09-12
A00000391,大家さんは思春期!,,,,,TV,,,,,,,,,,,,,,,,,,,,,,,,,,,,,,,,,,,,,,,,,,,,,,,,,,,,,,,,,,,,,,discovery-key::8e338dafcf9bfddd87885c9ad836270896a01fe58f3ea30e87dc6142fad673df,2026-09-12
A00000392,葬送のフリーレン,,,,,TV,,,,,,,,,,,,,,,,,,,,,,,,,,,,,,,,,,,,,,,,,,,,,,,,,,,,,,,,,,,,,,discovery-key::8d5d0a3355610e7b80aa13f45fb2e08e15a29c2ea1d72fd56c4a7706dd10c5a0,2026-09-12
A00000393,THE MARGINAL SERVICE,,,,,TV,,,,,,,,,,,,,,,,,,,,,,,,,,,,,,,,,,,,,,,,,,,,,,,,,,,,,,,,,,,,,,discovery-key::77cfa3d50f3ec87e3c92399a1d73f6750756a8066e03a052ccc725f7db78c63c,2026-09-12
A00000394,ルパン三世,,,,,TV,,,,,,,,,,,,,,,,,,,,,,,,,,,,,,,,,,,,,,,,,,,,,,,,,,,,,,,,,,,,,,discovery-key::61edb0c386c70168d066b23151b26bd64bdf9d6a50ea14dcf9cebf7b23c7dcd9,2026-09-12
A00000395,春庭家の3人目,,,,,TV,,,,,,,,,,,,,,,,,,,,,,,,,,,,,,,,,,,,,,,,,,,,,,,,,,,,,,,,,,,,,,discovery-key::6b54150ff732b57679a7b91819c5c999f04d88479abbc474e5e7997ad0bc07cb,2026-09-12
A00000396,アンダーニンジャ,,,,,TV,,,,,,,,,,,,,,,,,,,,,,,,,,,,,,,,,,,,,,,,,,,,,,,,,,,,,,,,,,,,,,discovery-key::0f98883ae24e270d423d5109251aa2fb960ff6ac925199efb74889d335e6a1d0,2026-09-12
A00000397,きみの色,,,,,MOVIE,,,,,,,,,,,,,,,,,,,,,,,,,,,,,,,,,,,,,,,,,,,,,,,,,,,,,,,,,,,,,,discovery-key::e4c2ffb9ca8e91ae35f0b9f9021a680b8f6109a65d65018ae047b4657624a185,2026-09-12
A00000398,ひきこまり吸血姫の悶々,,,,,TV,,,,,,,,,,,,,,,,,,,,,,,,,,,,,,,,,,,,,,,,,,,,,,,,,,,,,,,,,,,,,,discovery-key::8bb38d307764fab7fc20c32dcb970108ecc442e9197466111feda2dc4429ac01,2026-09-12
A00000399,Turkey!,,,,,TV,,,,,,,,,,,,,,,,,,,,,,,,,,,,,,,,,,,,,,,,,,,,,,,,,,,,,,,,,,,,,,discovery-key::8d7d5397f8842b4181d38bc57b85b9ff1860456f92872c43f991a904c45062d5,2026-09-12
A00000400,ささやくように恋を唄う,,,,,TV,,,,,,,,,,,,,,,,,,,,,,,,,,,,,,,,,,,,,,,,,,,,,,,,,,,,,,,,,,,,,,discovery-key::548bfd8de74a9253bc2110581e3f79d185f403fdda06ab4004d12a078340a633,2026-09-12
A00000401,グランクレスト戦記,,,,,TV,,,,,,,,,,,,,,,,,,,,,,,,,,,,,,,,,,,,,,,,,,,,,,,,,,,,,,,,,,,,,,discovery-key::963ce72057451a2e40c34de687fc8f04d05a4d30b7d634906ddc81e7ee0d807e,2026-09-12
A00000402,VTuberなんだが配信切り忘れたら伝説になってた,,,,,TV,,,,,,,,,,,,,,,,,,,,,,,,,,,,,,,,,,,,,,,,,,,,,,,,,,,,,,,,,,,,,,discovery-key::61f8635ae4643f9b63c9373314e370d33033eada2671d8fa923e9551f889863f,2026-09-12
A00000403,オーバーテイク!,,,,,TV,,,,,,,,,,,,,,,,,,,,,,,,,,,,,,,,,,,,,,,,,,,,,,,,,,,,,,,,,,,,,,discovery-key::a956ad4a8d0123b53a65d878ae93ac550f836f268b81963fadd3ccf2e896398c,2026-09-12
A00000404,わたしの幸せな結婚,,,,,TV,,,,,S3d654c1842fd137c6f0a8669e81ac1e4f92b54d8699aa08dcaad8bf5f663cdc3,,,,,,,,,,,,,,,,,,,,,,,,,,,,,,,,,,,,,,,,,,,,,,,,,,,,,,,,,discovery-key::a889b3b77e8a7b57be8b38e1ddd1b1e869eaa715a4944f60add7ebc5521b894e,2026-09-12
A00000405,青春ブタ野郎はサンタクロースの夢を見ない,,,,,TV,,,,,,,,,,,,,,,,,,,,,,,,,,,,,,,,,,,,,,,,,,,,,,,,,,,,,,,,,,,,,,discovery-key::f3987e39eb42900bd6d4acab58a90d42080461aac6e6a8a34e173cf29542303b,2026-09-12
A00000406,青春ブタ野郎はバニーガール先輩の夢を見ない,,,,,TV,,,,,,,,,,,,,,,,,,,,,,,,,,,,,,,,,,,,,,,,,,,,,,,,,,,,,,,,,,,,,,discovery-key::66595fac29a5f27cd5ea4f6c7f52adf1bb41d0119fdeceb696c8556230a8dc2b,2026-09-12
A00000407,青春ブタ野郎はゆめみる少女の夢を見ない,,,,,MOVIE,,,,,S107a7af3b51d8134726518e5f112baedca18be785c025519a60fd27a65bf3f13,,,,,,,,,,,,,,,,,,,,,,,,,,,,,,,,,,,,,,,,,,,,,,,,,,,,,,,,,discovery-key::6a262cf7474ac5d6bddf7d8612760ba2bb21f9701573e7eddc299f479b93f64c,2026-09-12
A00000408,おじゃる丸,,,,,TV,,,,,,,,,,,,,,,,,,,,,,,,,,,,,,,,,,,,,,,,,,,,,,,,,,,,,,,,,,,,,,discovery-key::3607c9f9817a2e4d623e147e002fc32d2241b518227c0206aa6fd4d3867900ee,2026-09-12
A00000409,劇場版 魔法少女まどか☆マギカ,,,,,MOVIE,,,,,,,,,,,,,,,,,,,,,,,,,,,,,,,,,,,,,,,,,,,,,,,,,,,,,,,,,,,,,,discovery-key::36ff86e5090f0d06f09ae1f650cca6d8e739d942fea1e949b3a992ed02fa6709,2026-09-12
A00000410,名探偵ホームズ,,,,,TV,,,,,,,,,,,,,,,,,,,,,,,,,,,,,,,,,,,,,,,,,,,,,,,,,,,,,,,,,,,,,,discovery-key::dd48da0daaeae9a392ce2012777594793d6455dc089202ff2e7d6402241a2805,2026-09-12
A00000411,はめつのおうこく,,,,,TV,,,,,,,,,,,,,,,,,,,,,,,,,,,,,,,,,,,,,,,,,,,,,,,,,,,,,,,,,,,,,,discovery-key::475c722ef8e762aa5eda9c57c8cca6bf4707705a980920b288642f1a76c499b6,2026-09-12
A00000412,サーバント×サービス,,,,,TV,,,,,,,,,,,,,,,,,,,,,,,,,,,,,,,,,,,,,,,,,,,,,,,,,,,,,,,,,,,,,,discovery-key::a1a8484285e7a1eef1838586486b9993d559494688735dda9a9850c9c39b097c,2026-09-12
A00000413,マイマイ新子と千年の魔法,,,,,MOVIE,,,,,,,,,,,,,,,,,,,,,,,,,,,,,,,,,,,,,,,,,,,,,,,,,,,,,,,,,,,,,,discovery-key::699f5b04c571032fab4bc37b084836f716eb51050dc58c03d119bf67d9451aab,2026-09-12
A00000414,自動販売機に生まれ変わった俺は迷宮を彷徨う,,,,,TV,,,,,S99023cad339270809637f9d3eb8313b6a6ad70d41c331a3e0f299a9ada972760,,,,,,,,,,,,,,,,,,,,,,,,,,,,,,,,,,,,,,,,,,,,,,,,,,,,,,,,,discovery-key::b6dc1d01dd3159d8d3bee68f7212c86b9ad5c297f93c6d9300ede40f06ebe627,2026-09-12
A00000415,君のことが大大大大大好きな100人の彼女,,,,,TV,,,,,,,,,,,,,,,,,,,,,,,,,,,,,,,,,,,,,,,,,,,,,,,,,,,,,,,,,,,,,,discovery-key::ffd5b666faea40e50d991e19d12e3756e5c23c682c0f3b07ea3ddd09c4bd325f,2026-09-12
A00000416,時々ボソッとロシア語でデレる隣のアーリャさん,,,,,TV,,,,,,,,,,,,,,,,,,,,,,,,,,,,,,,,,,,,,,,,,,,,,,,,,,,,,,,,,,,,,,discovery-key::9fb90be6330646aaabb9325c95812d802aee6c29a48af47bc28ebaed32154d43,2026-09-12
A00000417,メタリックルージュ,,,,,TV,,,,,,,,,,,,,,,,,,,,,,,,,,,,,,,,,,,,,,,,,,,,,,,,,,,,,,,,,,,,,,discovery-key::2b81068a40711ac5ddb13c6dcfc5f0e36f08cbe3fb412f7b0c32148a577ce2b9,2026-09-12
A00000418,カミエラビ,,,,,TV,,,,,,,,,,,,,,,,,,,,,,,,,,,,,,,,,,,,,,,,,,,,,,,,,,,,,,,,,,,,,,discovery-key::8e7e36c3a541e208a47ba84e46a45ea08a9faf383a28f269777fd7a58c1d7afd,2026-09-12
A00000419,魔王2099,,,,,TV,,,,,,,,,,,,,,,,,,,,,,,,,,,,,,,,,,,,,,,,,,,,,,,,,,,,,,,,,,,,,,discovery-key::2380abeb1d84e727df519627aa5d47e63495e054b3c192006c3f4b63ed72a3b1,2026-09-12
A00000420,結婚指輪物語,,,,,TV,,,,,,,,,,,,,,,,,,,,,,,,,,,,,,,,,,,,,,,,,,,,,,,,,,,,,,,,,,,,,,discovery-key::dcea0063ccff5bf6c32921ce2994242dbab22d042681c90805665622f812d828,2026-09-12
A00000421,16bitセンセーション ANOTHER LAYER,,,,,TV,,,,,,,,,,,,,,,,,,,,,,,,,,,,,,,,,,,,,,,,,,,,,,,,,,,,,,,,,,,,,,discovery-key::582fe8750ebb98f31e1f97d0bace97b1c6bd04672d5dc4cbbdc19ca2e65987cc,2026-09-12
A00000422,WIND BREAKER,,,,,TV,,,,,,,,,,,,,,,,,,,,,,,,,,,,,,,,,,,,,,,,,,,,,,,,,,,,,,,,,,,,,,discovery-key::7eef11d8942cdf20f2246b34b82c0dddd87e2842c4a4e2564fe213f6d395dccb,2026-09-12
A00000423,天国大魔境,,,,,TV,,,,,,,,,,,,,,,,,,,,,,,,,,,,,,,,,,,,,,,,,,,,,,,,,,,,,,,,,,,,,,discovery-key::7d81ef540ac6234a5288406e2f9937a2be72c026fd844d22c15cb5d6b03a2680,2026-09-12
A00000424,彼女が公爵邸に行った理由,,,,,TV,,,,,,,,,,,,,,,,,,,,,,,,,,,,,,,,,,,,,,,,,,,,,,,,,,,,,,,,,,,,,,discovery-key::6c8eb8e6a539c046af7b1b0f6cb4c598d0a4f8a2c22063c5d52a8c596f839b71,2026-09-12
A00000425,競女!!!!!!!!,,,,,TV,,,,,,,,,,,,,,,,,,,,,,,,,,,,,,,,,,,,,,,,,,,,,,,,,,,,,,,,,,,,,,discovery-key::bf0d3882c3c166fd118624299f5d6aa259c97d1699bbe5d0babab2e6a24afa26,2026-09-12
A00000426,灰と幻想のグリムガル,,,,,TV,,,,,,,,,,,,,,,,,,,,,,,,,,,,,,,,,,,,,,,,,,,,,,,,,,,,,,,,,,,,,,discovery-key::a90ffaf5711263cf1bf867b0dba8df60d5cc929563544df7f83d0f06b4e2883a,2026-09-12
A00000427,愚かな天使は悪魔と踊る,,,,,TV,,,,,,,,,,,,,,,,,,,,,,,,,,,,,,,,,,,,,,,,,,,,,,,,,,,,,,,,,,,,,,discovery-key::432f0689f8024fc95bf76c185f11d9b3eba547b6caaa3bccc3e759b4607d3f38,2026-09-12
A00000428,駒田蒸留所へようこそ,,,,,MOVIE,,,,,,,,,,,,,,,,,,,,,,,,,,,,,,,,,,,,,,,,,,,,,,,,,,,,,,,,,,,,,,discovery-key::d1ff55b2cb5dc71befa2daf7ddb03c5445a1a6d2aaff1f1eeadbcdea1118574f,2026-09-12
A00000429,BanG Dream! It's MyGO!!!!!,,,,,TV,,,,,,,,,,,,,,,,,,,,,,,,,,,,,,,,,,,,,,,,,,,,,,,,,,,,,,,,,,,,,,discovery-key::bf1a898de12bf856bb1dedbb16a45019c97f7d0e276082fc9e46cc51e55c8ac8,2026-09-12
A00000430,ダンジョン飯,,,,,TV,,,,,,,,,,,,,,,,,,,,,,,,,,,,,,,,,,,,,,,,,,,,,,,,,,,,,,,,,,,,,,discovery-key::a63749a02ea1af865b059cbe9d2acf45cf8a8f9c1c6bbb05476ad4e5c370a57f,2026-09-12
A00000431,勇気爆発バーンブレイバーン,,,,,TV,,,,,,,,,,,,,,,,,,,,,,,,,,,,,,,,,,,,,,,,,,,,,,,,,,,,,,,,,,,,,,discovery-key::60ea8ceda8852773f999e9199378838ed09b2cdcaa7b690d5c95a2d51090a0a4,2026-09-12
A00000432,涼宮ハルヒの消失,,,,,MOVIE,,,,,,,,,,,,,,,,,,,,,,,,,,,,,,,,,,,,,,,,,,,,,,,,,,,,,,,,,,,,,,discovery-key::69a9f0c95f724123dcb938fe2fa30915d0f2b464d20a1c334a8ede27881cf1c0,2026-09-12
A00000433,世界名作劇場,,,,,TV,,,,,,,,,,,,,,,,,,,,,,,,,,,,,,,,,,,,,,,,,,,,,,,,,,,,,,,,,,,,,,discovery-key::ae4fd520365313d7a8b0586914cba1f6e883907a11ded1dd4d5c8c390be073ec,2026-09-12
A00000434,姫様“拷問”の時間です,,,,,TV,,,,,,,,,,,,,,,,,,,,,,,,,,,,,,,,,,,,,,,,,,,,,,,,,,,,,,,,,,,,,,discovery-key::bd7d7e5e94114ddef40931896ff7497055fbb934ea24110333d381998be85463,2026-09-12
A00000435,鬼灯の冷徹,,,,,TV,,,,,,,,,,,,,,,,,,,,,,,,,,,,,,,,,,,,,,,,,,,,,,,,,,,,,,,,,,,,,,discovery-key::7d32042b7615ab71b188bc44f8581320b1e7b3c38528cf25badeeb9d12f882c4,2026-09-12
A00000436,Fate/strange Fake,,,,,TV,,,,,,,,,,,,,,,,,,,,,,,,,,,,,,,,,,,,,,,,,,,,,,,,,,,,,,,,,,,,,,discovery-key::62afb39a181b744f6d6a531f1267cd002124da7b1b2d8057018a3957ea986c9b,2026-09-12
A00000437,Free!,,,,,TV,,,,,S3120be9f71aae73d346ff47837a2b720ec656c4b57a7a8fc1672a792e9ad1c56,,,,,,,,,,,,,,,,,,,,,,,,,,,,,,,,,,,,,,,,,,,,,,,,,,,,,,,,,discovery-key::ad95d5fa651ba86d8923fe1238d24a4f1988a752acfe426ac72ac7c04471bc17,2026-09-12
A00000438,映像研には手を出すな!,,,,,TV,,,,,,,,,,,,,,,,,,,,,,,,,,,,,,,,,,,,,,,,,,,,,,,,,,,,,,,,,,,,,,discovery-key::7de4c33c81d4f20203289e2406b7280fe25508654a8c6731a2375825a4afb693,2026-09-12
A00000439,ゆびさきと恋々,,,,,TV,,,,,,,,,,,,,,,,,,,,,,,,,,,,,,,,,,,,,,,,,,,,,,,,,,,,,,,,,,,,,,discovery-key::c065b0fbd2fe06f248d1a62d14a20a84b31fe6445272ef38ecbae07efeeacda4,2026-09-12
A00000440,僕らの雨いろプロトコル,,,,,TV,,,,,,,,,,,,,,,,,,,,,,,,,,,,,,,,,,,,,,,,,,,,,,,,,,,,,,,,,,,,,,discovery-key::94b1606d571cf9a199a8a7b216f028fea9dedb9afd8dac88541db77f55a51ad0,2026-09-12
A00000441,エロマンガ先生,,,,,TV,,,,,,,,,,,,,,,,,,,,,,,,,,,,,,,,,,,,,,,,,,,,,,,,,,,,,,,,,,,,,,discovery-key::e292680a692b898abdbe7b4684535b9b3493061599cb692b1e1ca8bd7347fe05,2026-09-12
A00000442,百千さん家のあやかし王子,,,,,TV,,,,,,,,,,,,,,,,,,,,,,,,,,,,,,,,,,,,,,,,,,,,,,,,,,,,,,,,,,,,,,discovery-key::f63da56e642eb707c456f190257b65a45da2aa25a688b9bc4d69c122ebafd1fc,2026-09-12
A00000443,佐々木とピーちゃん,,,,,TV,,,,,,,,,,,,,,,,,,,,,,,,,,,,,,,,,,,,,,,,,,,,,,,,,,,,,,,,,,,,,,discovery-key::cc325fe9e7888f0a2099bad9f89bdfdd4178cd05f4b8deced99200799e0b0517,2026-09-12
A00000444,グレンダイザーU,,,,,TV,,,,,,,,,,,,,,,,,,,,,,,,,,,,,,,,,,,,,,,,,,,,,,,,,,,,,,,,,,,,,,discovery-key::363c59aaa0be888d609540465075a24cb1ec6b81fa255d0eb8ad5231e86f8c4c,2026-09-12
A00000445,じいさんばあさん若返る,,,,,TV,,,,,,,,,,,,,,,,,,,,,,,,,,,,,,,,,,,,,,,,,,,,,,,,,,,,,,,,,,,,,,discovery-key::f55653ed4d7801139c29093e95e0bad7b1a13aa628580f822e4c5020bc1b154d,2026-09-12
A00000446,坂道のアポロン,,,,,TV,,,,,,,,,,,,,,,,,,,,,,,,,,,,,,,,,,,,,,,,,,,,,,,,,,,,,,,,,,,,,,discovery-key::3995644e2b2c93d53d2778d413dc8adfcbcd3a762e815b2735aeaae57a13b2d1,2026-09-12
A00000447,ハイガクラ,,,,,TV,,,,,,,,,,,,,,,,,,,,,,,,,,,,,,,,,,,,,,,,,,,,,,,,,,,,,,,,,,,,,,discovery-key::3ed5348ac6e9e9da27e90262dd704020870ecb9625dc04ae26ef2d5aa5bdb27e,2026-09-12
A00000448,劇場版 魔法少女まどか☆マギカ〈ワルプルギスの廻天〉,,,,,MOVIE,,,,,,,,,,,,,,,,,,,,,,,,,,,,,,,,,,,,,,,,,,,,,,,,,,,,,,,,,,,,,,discovery-key::c39852a5db989f43a01f66f37e5722c04177cce3b6b6d964ec6235f76c1c4d8c,2026-09-12
A00000449,トリリオンゲーム,,,,,TV,,,,,,,,,,,,,,,,,,,,,,,,,,,,,,,,,,,,,,,,,,,,,,,,,,,,,,,,,,,,,,discovery-key::414c319297ca1a54e62d66302c69510534754325c07a8f180a5a5c580ca11228,2026-09-12
A00000450,渡くんの××が崩壊寸前,,,,,TV,,,,,,,,,,,,,,,,,,,,,,,,,,,,,,,,,,,,,,,,,,,,,,,,,,,,,,,,,,,,,,discovery-key::e555286017d3f16b2210269191f1773824301a020718bdb922bebad655db2ba0,2026-09-12
A00000451,純潔のマリア,,,,,TV,,,,,,,,,,,,,,,,,,,,,,,,,,,,,,,,,,,,,,,,,,,,,,,,,,,,,,,,,,,,,,discovery-key::966efc4b1263ceb303ce8d9dd1b629b08a5e371949b80ab75f6c2cf68439b694,2026-09-12
A00000452,多数欠,,,,,TV,,,,,,,,,,,,,,,,,,,,,,,,,,,,,,,,,,,,,,,,,,,,,,,,,,,,,,,,,,,,,,discovery-key::017c5e30bdbf1d5a3d1521333ca49f4106f439565dc673c372c21c6369342eef,2026-09-12
A00000453,自動販売機に生まれ変わった俺は迷宮を彷徨う3rd season,,,,,TV,,,,,S99023cad339270809637f9d3eb8313b6a6ad70d41c331a3e0f299a9ada972760,,,,,,,,,,,,,,,,,,,,,,,,,,,,,,,,,,,,,,,,,,,,,,,,,,,,,,,,,discovery-key::2300759dd0cf6b994415aad9cd9240f0d38a2f43f27745faada7f09955b4d67a,2026-09-12
A00000454,クラスで2番目に可愛い女の子と友だちになった,,,,,TV,,,,,,,,,,,,,,,,,,,,,,,,,,,,,,,,,,,,,,,,,,,,,,,,,,,,,,,,,,,,,,discovery-key::381b5eff66acbd3837cfe376cc98cc498bc0a992481d39b401e38ca8741dc7bf,2026-09-12
A00000455,群れなせ!シートン学園,,,,,TV,,,,,,,,,,,,,,,,,,,,,,,,,,,,,,,,,,,,,,,,,,,,,,,,,,,,,,,,,,,,,,discovery-key::ea5a0ffdd723311c880b01761b59e5aec6357bd723ac42e5dcaaa2be51e528d0,2026-09-12
A00000456,鴨乃橋ロンの禁断推理,,,,,TV,,,,,,,,,,,,,,,,,,,,,,,,,,,,,,,,,,,,,,,,,,,,,,,,,,,,,,,,,,,,,,discovery-key::7ef5d2e4d575d42df372abf4635a75b650340c3bb05e49d649a63c5e108af7b3,2026-09-12
A00000457,ワンルーム、日当たり普通、天使つき。,,,,,TV,,,,,,,,,,,,,,,,,,,,,,,,,,,,,,,,,,,,,,,,,,,,,,,,,,,,,,,,,,,,,,discovery-key::7e81bbf84a3be643f5f4fa163e201ee7b3a96555a68998c5f81339a581aedd0a,2026-09-12
A00000458,合コンに行ったら女がいなかった話,,,,,TV,,,,,,,,,,,,,,,,,,,,,,,,,,,,,,,,,,,,,,,,,,,,,,,,,,,,,,,,,,,,,,discovery-key::a00dc2a31c5a786159109837faee77eea9a3503c57e70bba9bf3dedec5988b69,2026-09-12
A00000459,最強タンクの迷宮攻略,,,,,TV,,,,,,,,,,,,,,,,,,,,,,,,,,,,,,,,,,,,,,,,,,,,,,,,,,,,,,,,,,,,,,discovery-key::929dca44a4bcbb9a7acb900814c568098b099a799b93c894d1617300212d6421,2026-09-12
A00000460,下ネタという概念が存在しない退屈な世界,,,,,TV,,,,,,,,,,,,,,,,,,,,,,,,,,,,,,,,,,,,,,,,,,,,,,,,,,,,,,,,,,,,,,discovery-key::df8194bf962d6c182b15dcf1fab9a00689c0ad7d56c7a0f5764a8bbddb38a3df,2026-09-12
A00000461,ばいばい、アース,,,,,TV,,,,,,,,,,,,,,,,,,,,,,,,,,,,,,,,,,,,,,,,,,,,,,,,,,,,,,,,,,,,,,discovery-key::2cd2f63f96e074e03a20acebbee53064633b4662345907c94d5659affeaffd07,2026-09-12
A00000462,報われなかった村人A、貴族に拾われて溺愛される上に、実は持っていた伝説級の神スキルも覚醒した,,,,,TV,,,,,,,,,,,,,,,,,,,,,,,,,,,,,,,,,,,,,,,,,,,,,,,,,,,,,,,,,,,,,,discovery-key::e3ad3c20a193c7f576f79565006a0e0e9ac9634a2fd1968696222cc39efca170,2026-09-12
A00000463,赤髪の白雪姫,,,,,TV,,,,,,,,,,,,,,,,,,,,,,,,,,,,,,,,,,,,,,,,,,,,,,,,,,,,,,,,,,,,,,discovery-key::8612d3ff2b24e5b59882d2ad8235bedc2bac00ec2976cc26f3b7f4b75adb3b70,2026-09-12
A00000464,一週間フレンズ。,,,,,TV,,,,,,,,,,,,,,,,,,,,,,,,,,,,,,,,,,,,,,,,,,,,,,,,,,,,,,,,,,,,,,discovery-key::b404aac61186e87c53d518b5d7640136e06416d3c92096a7e16a33902074e610,2026-09-12
A00000465,トラペジウム,,,,,MOVIE,,,,,,,,,,,,,,,,,,,,,,,,,,,,,,,,,,,,,,,,,,,,,,,,,,,2024-05-10,,,,,,,,,,,discovery-key::22efe92b7a03ee482836af4c3f5fe0e79bd99c2de10687fee472c4d30ecd283c,2026-09-12
A00000466,ぷにるはかわいいスライム,,,,,TV,,,,,,,,,,,,,,,,,,,,,,,,,,,,,,,,,,,,,,,,,,,,,,,,,,,,,,,,,,,,,,discovery-key::d7acb9dc5bb284ec1d7e142748dbe94d1755007abfe73ec5b9d745ce46967579,2026-09-12
A00000467,君は冥土様。,,,,,TV,,,,,,,,,,,,,,,,,,,,,,,,,,,,,,,,,,,,,,,,,,,,,,,,,,,,,,,,,,,,,,discovery-key::a041c46e6b6dce37031282912df5acafa12b50c2028ab11c89fcb7fc374d6319,2026-09-12
A00000468,神椿市建設中。,,,,,TV,,,,,,,,,,,,,,,,,,,,,,,,,,,,,,,,,,,,,,,,,,,,,,,,,,,,,,,,,,,,,,discovery-key::e97754c626e6dd13ce83d5301de47510ddd1a32920f73eb4cb30d0a17e167fd5,2026-09-12
A00000469,笑顔のたえない職場です。,,,,,TV,,,,,,,,,,,,,,,,,,,,,,,,,,,,,,,,,,,,,,,,,,,,,,,,,,,,,,,,,,,,,,discovery-key::24298f5050c1555e3757c168d8825d986645544f6cf401441e6b2481d66862c4,2026-09-12
A00000470,魔王軍最強の魔術師は人間だった,,,,,TV,,,,,,,,,,,,,,,,,,,,,,,,,,,,,,,,,,,,,,,,,,,,,,,,,,,,,,,,,,,,,,discovery-key::e6706f8b41c46061e2f71ad84c49d0097feec91ec6cd5b6c83fb0fdb6352f3a7,2026-09-12
A00000471,オーイ!とんぼ,,,,,TV,,,,,,,,,,,,,,,,,,,,,,,,,,,,,,,,,,,,,,,,,,,,,,,,,,,,,,,,,,,,,,discovery-key::fe7167b2b65f734edb42bc897a0c51fdf202d51a76da4914d12a69168601cf0d,2026-09-12
A00000472,ひとりぼっちの異世界攻略,,,,,TV,,,,,,,,,,,,,,,,,,,,,,,,,,,,,,,,,,,,,,,,,,,,,,,,,,,,,,,,,,,,,,discovery-key::c4d6b3bbe36757820d872d106c34bfb64b6070c173f92ea06ed6e2b64525a1f0,2026-09-12
A00000473,劇場版シティーハンター 天使の涙(エンジェルダスト),,,,,MOVIE,,,,,,,,,,,,,,,,,,,,,,,,,,,,,,,,,,,,,,,,,,,,,,,,,,,,,,,,,,,,,,discovery-key::89ab74a3b57a526ebf9bd4953ac2ace0544c122978756e05a58f7d9e07f70923,2026-09-12
A00000474,パーティーから追放されたその治癒師、実は最強につき,,,,,TV,,,,,,,,,,,,,,,,,,,,,,,,,,,,,,,,,,,,,,,,,,,,,,,,,,,,,,,,,,,,,,discovery-key::dd22705c7b7e89defb91efa01d1f5bb14fa5465b6021538754e6b104fd792a76,2026-09-12
A00000475,通常攻撃が全体攻撃で二回攻撃のお母さんは好きですか?,,,,,TV,,,,,,,,,,,,,,,,,,,,,,,,,,,,,,,,,,,,,,,,,,,,,,,,,,,,,,,,,,,,,,discovery-key::b88684e11b332f1227c80b63a6c44f35f819416908d5455736a71f906aff7dd2,2026-09-12
A00000476,のうりん,,,,,TV,,,,,,,,,,,,,,,,,,,,,,,,,,,,,,,,,,,,,,,,,,,,,,,,,,,,,,,,,,,,,,discovery-key::e6360be209b8210b805d21ef3a5e06f147909fdeba776f0e5b09ad95535999b7,2026-09-12
A00000477,嘆きの亡霊は引退したい,,,,,TV,,,,,,,,,,,,,,,,,,,,,,,,,,,,,,,,,,,,,,,,,,,,,,,,,,,,,,,,,,,,,,discovery-key::9bdf28eeb983e59c01609f8520e284f7892966eb44df219fd6ef01964d278f8d,2026-09-12
A00000478,Free!-Eternal Summer,,,,,TV,,,,,S3120be9f71aae73d346ff47837a2b720ec656c4b57a7a8fc1672a792e9ad1c56,,,,,,,,,,,,,,,,,,,,,,,,,,,,,,,,,,,,,,,,,,,,,,,,,,,,,,,,,discovery-key::3794dbef68dac9f93805684db2ea35d9911c2cd72569d7dddf50adb1f3a9ede2,2026-09-12
A00000479,ハニーレモンソーダ,,,,,TV,,,,,,,,,,,,,,,,,,,,,,,,,,,,,,,,,,,,,,,,,,,,,,,,,,,,,,,,,,,,,,discovery-key::7e209e09dc8a138b008f64654d4f64f2b343e238dc8b75dc2cb858483519ea4d,2026-09-12
A00000480,ゼーガペインADP,,,,,MOVIE,,,,,,,,,,,,,,,,,,,,,,,,,,,,,,,,,,,,,,,,,,,,,,,,,,,2016-10-15,,,,,,,,,,,discovery-key::89c3abb0adfac37595cc56e60da400ef0641118bd5aa3eb6f8fd762683c00f5d,2026-09-12
A00000481,ゼーガペインSTA,,,,,MOVIE,,,,,,,,,,,,,,,,,,,,,,,,,,,,,,,,,,,,,,,,,,,,,,,,,,,,,,,,,,,,,,discovery-key::a32aa315cc15b31e36d426f08dcc162133e793b7a6380d0262f4baa564b13e41,2026-09-12
A00000482,天穂のサクナヒメ,,,,,TV,,,,,,,,,,,,,,,,,,,,,,,,,,,,,,,,,,,,,,,,,,,,,,,,,,,,,,,,,,,,,,discovery-key::4eac3d4eda75717cfa376c0bdf289e98abc955de0097c05bdf1139f0443a5dc3,2026-09-12
A00000483,全修。,,,,,TV,,,,,,,,,,,,,,,,,,,,,,,,,,,,,,,,,,,,,,,,,,,,,,,,,,,,,,,,,,,,,,discovery-key::a5b21da42da1b459b5a72b78a7f2e5a497df036f77d19537d4070c62d5f8f0f3,2026-09-12
A00000484,天久鷹央の推理カルテ,,,,,TV,,,,,,,,,,,,,,,,,,,,,,,,,,,,,,,,,,,,,,,,,,,,,,,,,,,,,,,,,,,,,,discovery-key::67e3d11868a7ee98fcd731a744bb7121390ac4ddc59f1e2bb2903a41daacc5ed,2026-09-12
A00000485,神統記,,,,,TV,,,,,,,,,,,,,,,,,,,,,,,,,,,,,,,,,,,,,,,,,,,,,,,,,,,,,,,,,,,,,,discovery-key::c4de2dc60e4a6ef54e1bd715d8d2c9a6c67a4ac99fee5e5a674e9f8a951399cc,2026-09-12
A00000486,ただいま、おかえり,,,,,TV,,,,,,,,,,,,,,,,,,,,,,,,,,,,,,,,,,,,,,,,,,,,,,,,,,,,,,,,,,,,,,discovery-key::7e180a8e4afb3da96e93cf8c09d5ae93b7cde7bc56d362bf2c304688dba4643a,2026-09-12
A00000487,違国日記,,,,,TV,,,,,,,,,,,,,,,,,,,,,,,,,,,,,,,,,,,,,,,,,,,,,,,,,,,,,,,,,,,,,,discovery-key::cff0be85ce4ad756294386c863eadc2857e6a60caae5aeec0c1bd68b317ce8bb,2026-09-12
A00000488,淡島百景,,,,,TV,,,,,,,,,,,,,,,,,,,,,,,,,,,,,,,,,,,,,,,,,,,,,,,,,,,,,,,,,,,,,,discovery-key::6b412bbdf76dfeceafb5239b063b92d5dc58dd5d084ff42a27cb85c039f13dae,2026-09-12
A00000489,黒岩メダカに私の可愛いが通じない,,,,,TV,,,,,,,,,,,,,,,,,,,,,,,,,,,,,,,,,,,,,,,,,,,,,,,,,,,,,,,,,,,,,,discovery-key::4ffd5fc3c93fbb6be659905ab135a77e8af82528707d68086815d42e6ffe99ac,2026-09-12
A00000490,ダーウィン事変,,,,,TV,,,,,,,,,,,,,,,,,,,,,,,,,,,,,,,,,,,,,,,,,,,,,,,,,,,,,,,,,,,,,,discovery-key::7488a7b9b9200439cca57c9b80496eda19adcc9a35fed9820d8ef00f44b8621b,2026-09-12
A00000491,光が死んだ夏,,,,,TV,,,,,,,,,,,,,,,,,,,,,,,,,,,,,,,,,,,,,,,,,,,,,,,,,,,,,,,,,,,,,,discovery-key::8cc3c0acb7c4d4e60436ee8fbadab05030b555b7ac4aabcb5bb935842074424f,2026-09-12
A00000492,攻殻機動隊 THE GHOST IN THE SHELL,,,,,TV,,,,,,,,,,,,,,,,,,,,,,,,,,,,,,,,,,,,,,,,,,,,,,,,,,,,,,,,,,,,,,discovery-key::600495cb26fdfef8fc6c1bc8933bc7163b93428ca1c47fb2ab6b3e16868688f6,2026-09-12
A00000493,SAKAMOTO DAYS,,,,,TV,,,,,,,,,,,,,,,,,,,,,,,,,,,,,,,,,,,,,,,,,,,,,,,,,,,,,,,,,,,,,,discovery-key::766d79a388fad507115057a5447e6cfcfca6734772582fb891b0b2af9e4853dd,2026-09-12
A00000494,9-nine- Ruler's Crown,,,,,TV,,,,,,,,,,,,,,,,,,,,,,,,,,,,,,,,,,,,,,,,,,,,,,,,,,,,,,,,,,,,,,discovery-key::d4664494e031c90bcbed148f9bb72ba5fa0fd39f0f3ed6dbf6521935b39854f3,2026-09-12
A00000495,しゅごキャラ!,,,,,TV,,,,,,,,,,,,,,,,,,,,,,,,,,,,,,,,,,,,,,,,,,,,,,,,,,,,,,,,,,,,,,discovery-key::7cf527a904a436cd6e7f438e82efe58653681be132920e1e3b18ba27d0f197ab,2026-09-12
A00000496,多聞くん今どっち!?,,,,,TV,,,,,,,,,,,,,,,,,,,,,,,,,,,,,,,,,,,,,,,,,,,,,,,,,,,,,,,,,,,,,,discovery-key::6b42b9cb0579c59547cbaf2431b9c8761510b4c7f3143dd2e23edd1d948b82d8,2026-09-12
A00000497,ガチアクタ,,,,,TV,,,,,,,,,,,,,,,,,,,,,,,,,,,,,,,,,,,,,,,,,,,,,,,,,,,,,,,,,,,,,,discovery-key::b54bac6d2520fd4d21b46f1e13da31287def6a92d110f5c1f2cc9c1eef7de6bb,2026-09-12
A00000498,プリンセッション・オーケストラ,,,,,TV,,,,,,,,,,,,,,,,,,,,,,,,,,,,,,,,,,,,,,,,,,,,,,,,,,,,,,,,,,,,,,discovery-key::e021ee7057e1d72319a3ebf4568daabb4687c749cc7fe87f4f2b5c8280cab54f,2026-09-12
A00000499,数分間のエールを,,,,,MOVIE,,,,,,,,,,,,,,,,,,,,,,,,,,,,,,,,,,,,,,,,,,,,,,,,,,,2024-06-14,,,,,,,,,,,discovery-key::7dd2f43c5d07e28c1b0c0899ecf11f0cd26b0dcfe49f27b29591313f905273c7,2026-09-12
A00000500,FAIRY TAIL,,,,,TV,,,,,,,,,,,,,,,,,,,,,,,,,,,,,,,,,,,,,,,,,,,,,,,,,,,,,,,,,,,,,,discovery-key::b2fe950eff11859b2e2c9be9b0d7fb639503a41354db31441079079cb82c4432,2026-09-12
A00000501,黒岩メダカに私の可愛いが通じない Season2,,,,,TV,,,,,S8fb44391d43b7286f9a0dd6cb3ffef88847b10c5ce468ad776a22db3a640a16a,,,,,,,,,,,,,,,,,,,,,,,,,,,,,,,,,,,,,,,,,,,,,,,,,,,,,,,,,discovery-key::090aac2e70f4a1a0e617280cbd4be718c9e85fedd490989fd9517f754f71fcdd,2026-09-12
A00000502,ゼーガペイン,,,,,TV,,,,,,,,,,,,,,,,,,,,,,,,,,,,,,,,,,,,,,,,,,,,,,,,,,,,,,,,,,,,,,discovery-key::00824c33a9dea34a7440cd7250dc7e57e3fb2b5c8b6637d1629547ae1cb7d484,2026-09-12
A00000503,ボールルームへようこそ,,,,,TV,,,,,,,,,,,,,,,,,,,,,,,,,,,,,,,,,,,,,,,,,,,,,,,,,,,,,,,,,,,,,,discovery-key::6d472f159afcf4f4ef871165592f604c75e116b147f940c5a2205e5aff4262a0,2026-09-12
A00000504,ばっどがーる,,,,,TV,,,,,,,,,,,,,,,,,,,,,,,,,,,,,,,,,,,,,,,,,,,,,,,,,,,,,,,,,,,,,,discovery-key::c25748212c7b84ca3d07f6d39171675eddc30746e15bb31e9690e002728d5732,2026-09-12
A00000505,ある魔女が死ぬまで,,,,,TV,,,,,,,,,,,,,,,,,,,,,,,,,,,,,,,,,,,,,,,,,,,,,,,,,,,,,,,,,,,,,,discovery-key::b27c56977f8bd9eac8acb5f096ad2bdf5c0aa4b98ebf62d33eff97413f5d22ce,2026-09-12
A00000506,Summer Pockets,,,,,TV,,,,,,,,,,,,,,,,,,,,,,,,,,,,,,,,,,,,,,,,,,,,,,,,,,,,,,,,,,,,,,discovery-key::3da6ccdfd752ee583eb9a0ce96697eb06266f43d3f1c5c2e54c37d2039206f93,2026-09-12
A00000507,魔法の姉妹ルルットリリィ,,,,,TV,,,,,,,,,,,,,,,,,,,,,,,,,,,,,,,,,,,,,,,,,,,,,,,,,,,,,,,,,,,,,,discovery-key::b9dd1da8d2fd0339ed47f4aa8a789dc0875b651a592c1cfd3e0244bc5d00b399,2026-09-12
A00000508,クラシック★スターズ,,,,,TV,,,,,,,,,,,,,,,,,,,,,,,,,,,,,,,,,,,,,,,,,,,,,,,,,,,,,,,,,,,,,,discovery-key::e3208f05015240efabef359fabcedb7571f032843ded267dae41d1ba71bb52d8,2026-09-12
A00000509,魔法騎士レイアース,,,,,TV,,,,,,,,,,,,,,,,,,,,,,,,,,,,,,,,,,,,,,,,,,,,,,,,,,,,,,,,,,,,,,discovery-key::0b9142cafef2879d74dab099f64f0cac52645f8e505970f7e415a9a07b899dfc,2026-09-12
A00000510,帝乃三姉妹は案外、チョロい。,,,,,TV,,,,,,,,,,,,,,,,,,,,,,,,,,,,,,,,,,,,,,,,,,,,,,,,,,,,,,,,,,,,,,discovery-key::061e2cc9d4a444e16af45fe19ceea148f6cd0db7d0db138d743b731eb786d579,2026-09-12
A00000511,矢野くんの普通の日々,,,,,TV,,,,,,,,,,,,,,,,,,,,,,,,,,,,,,,,,,,,,,,,,,,,,,,,,,,,,,,,,,,,,,discovery-key::e40285cc7b5d40edb48c53fdc1ab30febc2e965423aac37d32fc5d8746096c57,2026-09-12
A00000512,未確認で進行形,,,,,TV,,,,,,,,,,,,,,,,,,,,,,,,,,,,,,,,,,,,,,,,,,,,,,,,,,,,,,,,,,,,,,discovery-key::af234c39c7926821029ca06daf76b424632c60caa4990f491c5a50d8fe49f3e8,2026-09-12
A00000513,SANDA,,,,,TV,,,,,,,,,,,,,,,,,,,,,,,,,,,,,,,,,,,,,,,,,,,,,,,,,,,,,,,,,,,,,,discovery-key::cfb0684ac6e310b7e0b16c0c7d883322bb09c41579cec2138805f1bf0a8847ee,2026-09-12
A00000514,エグミレガシー,,,,,TV,,,,,,,,,,,,,,,,,,,,,,,,,,,,,,,,,,,,,,,,,,,,,,,,,,,,,,,,,,,,,,discovery-key::9aaed969d5e393a81df31e18c9621e266a2b319e9d429185f20566fe13fcbff6,2026-09-12
A00000515,ノブナガ先生の幼な妻,,,,,TV,,,,,,,,,,,,,,,,,,,,,,,,,,,,,,,,,,,,,,,,,,,,,,,,,,,,,,,,,,,,,,discovery-key::19e7fecc31eaf8eff0a641559172c9f23e50c5d9a629dfaebd6cf2de50cc38b7,2026-09-12
A00000516,BURN THE WITCH,,,,,MOVIE,,,,,,,,,,,,,,,,,,,,,,,,,,,,,,,,,,,,,,,,,,,,,,,,,,,,,,,,,,,,,,discovery-key::1aba93090680791e2bcc80a147aef3d1c9c9f04af6ccaa8a5e9419e4376b9d31,2026-09-12
A00000517,サラリーマンが異世界に行ったら四天王になった話,,,,,TV,,,,,,,,,,,,,,,,,,,,,,,,,,,,,,,,,,,,,,,,,,,,,,,,,,,,,,,,,,,,,,discovery-key::64c8fa8529c56aeca89efd7fa281200238c5b8e342f9583f5ea3d25da7942b86,2026-09-12
A00000518,この会社に好きな人がいます,,,,,TV,,,,,,,,,,,,,,,,,,,,,,,,,,,,,,,,,,,,,,,,,,,,,,,,,,,,,,,,,,,,,,discovery-key::20afbd6f7d3c9055f2b658cc24e4e765c450ab242537d6fb05adeb5bedb69a6e,2026-09-12
A00000519,メジャーセカンド,,,,,TV,,,,,,,,,,,,,,,,,,,,,,,,,,,,,,,,,,,,,,,,,,,,,,,,,,,,,,,,,,,,,,discovery-key::50e015ab8de699c106929ada1101b6420c177b1cb1201be69710325153dfe0fa,2026-09-12
A00000520,魔法少女隊アルス,,,,,TV,,,,,,,,,,,,,,,,,,,,,,,,,,,,,,,,,,,,,,,,,,,,,,,,,,,,,,,,,,,,,,discovery-key::be44c8e2bcbb7d50d92f5a552d41408ce2fd406b5678ffeeba3a4a59d20b5fe7,2026-09-12
A00000521,ネガポジアングラー,,,,,TV,,,,,,,,,,,,,,,,,,,,,,,,,,,,,,,,,,,,,,,,,,,,,,,,,,,,,,,,,,,,,,discovery-key::0fcf2a1caaeb02345684a7ce8b40855c1e5146da6e85875dd876e46131f1d066,2026-09-12
A00000522,リィンカーネーションの花弁,,,,,TV,,,,,,,,,,,,,,,,,,,,,,,,,,,,,,,,,,,,,,,,,,,,,,,,,,,,,,,,,,,,,,discovery-key::a6954c9796d4393dc951614362d763d5449ba325563305c156116311dddc634c,2026-09-12
A00000523,履いてください、鷹峰さん,,,,,TV,,,,,,,,,,,,,,,,,,,,,,,,,,,,,,,,,,,,,,,,,,,,,,,,,,,,,,,,,,,,,,discovery-key::a27d528fa4d9d7f45090714cfa77cb4715db3703525125f14125519b85f093d9,2026-09-12
A00000524,機械じかけのマリー,,,,,TV,,,,,,,,,,,,,,,,,,,,,,,,,,,,,,,,,,,,,,,,,,,,,,,,,,,,,,,,,,,,,,discovery-key::600a537c245182290a7ab96d7db41859f3cdd42b1cea4b9eb6ab8908ec16d5e7,2026-09-12
A00000525,戦隊レッド 異世界で冒険者になる,,,,,TV,,,,,,,,,,,,,,,,,,,,,,,,,,,,,,,,,,,,,,,,,,,,,,,,,,,,,,,,,,,,,,discovery-key::90b8a1d4087c6e1c159023a899c2f43ccb2d5de9f354ab73cb0ed3a4348f4e88,2026-09-12
A00000526,千歳くんはラムネ瓶のなか,,,,,TV,,,,,,,,,,,,,,,,,,,,,,,,,,,,,,,,,,,,,,,,,,,,,,,,,,,,,,,,,,,,,,discovery-key::cc26d6329f391cd1f0246a85cb2c9d45ad47dd20f47e933d01371a7841001298,2026-09-12
A00000527,ガンバレ!中村くん!!,,,,,TV,,,,,,,,,,,,,,,,,,,,,,,,,,,,,,,,,,,,,,,,,,,,,,,,,,,,,,,,,,,,,,discovery-key::8a898671078c918394685e87890d2d1cb2f82b04c089ebabd604e6709433910e,2026-09-12
A00000528,ウィッチウォッチ,,,,,TV,,,,,,,,,,,,,,,,,,,,,,,,,,,,,,,,,,,,,,,,,,,,,,,,,,,,,,,,,,,,,,discovery-key::dc84c1fee8ed93b388855961340d081f1c6b97e8a7277f90587b0788e3ef8ec2,2026-09-12
A00000529,雨と君と,,,,,TV,,,,,,,,,,,,,,,,,,,,,,,,,,,,,,,,,,,,,,,,,,,,,,,,,,,,,,,,,,,,,,discovery-key::66bffb9db3c49600123d7c2e4bae5745b2f116503ba25c902707c6dc9c8df9c5,2026-09-12
A00000530,野生のラスボスが現れた!,,,,,TV,,,,,,,,,,,,,,,,,,,,,,,,,,,,,,,,,,,,,,,,,,,,,,,,,,,,,,,,,,,,,,discovery-key::c4eec3204b3f1ace72d5d29d69be6425dac4038e1fd17375d2f11cdafb5e2868,2026-09-12
A00000531,フレームアームズ・ガール,,,,,TV,,,,,,,,,,,,,,,,,,,,,,,,,,,,,,,,,,,,,,,,,,,,,,,,,,,,,,,,,,,,,,discovery-key::e6aee2a52cc2c60082c469a8c8d0645064a640af030c5e5add6dc9929354b99a,2026-09-12
A00000532,アポカリプスホテル,,,,,TV,,,,,,,,,,,,,,,,,,,,,,,,,,,,,,,,,,,,,,,,,,,,,,,,,,,,,,,,,,,,,,discovery-key::af23659fd7ceb9c904b7b53508f92942335ea1ce062663142dd9f6e3703b0b1e,2026-09-12
A00000533,死亡遊戯で飯を食う。,,,,,TV,,,,,,,,,,,,,,,,,,,,,,,,,,,,,,,,,,,,,,,,,,,,,,,,,,,,,,,,,,,,,,discovery-key::e8eb643fb58f7058e63bf36f20cbee56b4399727f375b104b40d6794bb5cdec1,2026-09-12
A00000534,真・侍伝 YAIBA,,,,,TV,,,,,,,,,,,,,,,,,,,,,,,,,,,,,,,,,,,,,,,,,,,,,,,,,,,,,,,,,,,,,,discovery-key::0607b7fe05180ac49fe473828d9d11d8592e02723189c94108d267fe3809768e,2026-09-12
A00000535,ロメリア戦記,,,,,TV,,,,,,,,,,,,,,,,,,,,,,,,,,,,,,,,,,,,,,,,,,,,,,,,,,,,,,,,,,,,,,discovery-key::94a1e1adcecd2bd3d1c2b6b8cac55df551e42a6c28d687d4494f4803e6929636,2026-09-12
A00000536,瑠璃の宝石,,,,,TV,,,,,,,,,,,,,,,,,,,,,,,,,,,,,,,,,,,,,,,,,,,,,,,,,,,,,,,,,,,,,,discovery-key::2171e83e1676ae70600aac61d35848cb00a7d85d73de1546886bf9ac24616b9d,2026-09-12
A00000537,薫る花は凛と咲く,,,,,TV,,,,,,,,,,,,,,,,,,,,,,,,,,,,,,,,,,,,,,,,,,,,,,,,,,,,,,,,,,,,,,discovery-key::f006d010b43586873fa99875c836f45ccba99aaf546ab566bcfeec0f4b6ca885,2026-09-12
A00000538,最後にひとつだけお願いしてもよろしいでしょうか,,,,,TV,,,,,,,,,,,,,,,,,,,,,,,,,,,,,,,,,,,,,,,,,,,,,,,,,,,,,,,,,,,,,,discovery-key::f5e8215aff532ad978bcb74b8353b9513cb4be821e70cf952d57b6f7aa9df640,2026-09-12
A00000539,ヴァージン・パンク,,,,,MOVIE,,,,,,,,,,,,,,,,,,,,,,,,,,,,,,,,,,,,,,,,,,,,,,,,,,,,,,,,,,,,,,discovery-key::8bccc7f176a918627ea8387c218e898925b1a7075d01e09b4a9ae919dad196a6,2026-09-12
A00000540,CITY THE ANIMATION,,,,,TV,,,,,,,,,,,,,,,,,,,,,,,,,,,,,,,,,,,,,,,,,,,,,,,,,,,,,,,,,,,,,,discovery-key::5215f312353d1a2537d99239a80fef4a7a95d6b3aad90e62091eddae8996086a,2026-09-12
A00000541,超可動ガール1/6,,,,,TV,,,,,,,,,,,,,,,,,,,,,,,,,,,,,,,,,,,,,,,,,,,,,,,,,,,,,,,,,,,,,,discovery-key::fbf3192f4b9d538f2a32ff6189f38c27032a8759b2f20aa4d57b1e30f4c320c6,2026-09-12
A00000542,ゆらぎ荘の幽奈さん,,,,,TV,,,,,,,,,,,,,,,,,,,,,,,,,,,,,,,,,,,,,,,,,,,,,,,,,,,,,,,,,,,,,,discovery-key::cbd13ad2c0e4412f3a5ea042c680497817c2aae4ce6cd7573fab71f2e971b450,2026-09-12
A00000543,想星のアクエリオン Myth of Emotions,,,,,TV,,,,,,,,,,,,,,,,,,,,,,,,,,,,,,,,,,,,,,,,,,,,,,,,,,,,,,,,,,,,,,discovery-key::920d1030c9e58a23ab53d44c6ac7dd672bc79a4654c0b9c3dd4a35a624834e9b,2026-09-12
A00000544,カラオケ行こ!,,,,,TV,,,,,,,,,,,,,,,,,,,,,,,,,,,,,,,,,,,,,,,,,,,,,,,,,,,,,,,,,,,,,,discovery-key::892afb7112e1bc2015eda2ad739f407480827d94d05940b862dde2f72a972484,2026-09-12
A00000545,夢中さ、きみに。,,,,,TV,,,,,,,,,,,,,,,,,,,,,,,,,,,,,,,,,,,,,,,,,,,,,,,,,,,,,,,,,,,,,,discovery-key::eecc20ec5e9cb025a6c863b0a3fe85ff8ced9ffa3345c1fa11489029140ed3c3,2026-09-12
A00000546,Burn the Witch #0.8,,,,,MOVIE,,,,,,,,,,,,,,,,,,,,,,,,,,,,,,,,,,,,,,,,,,,,,,,,,,,,,,,,,,,,,,discovery-key::4caac733558a9299d6031b23a15819e366ddcc4d6a43c4a84a434f62cfaff145,2026-09-12
A00000547,完璧すぎて可愛げがないと婚約破棄された聖女は隣国に売られる,,,,,TV,,,,,,,,,,,,,,,,,,,,,,,,,,,,,,,,,,,,,,,,,,,,,,,,,,,,,,,,,,,,,,discovery-key::93c1db6cf1b32e05e3c1b52b8d2131c797d16aa38b46bbc9e9c96d065d464971,2026-09-12
A00000548,BanG Dream! ぽっぴん'どりーむ!,,,,,MOVIE,,,,,,,,,,,,,,,,,,,,,,,,,,,,,,,,,,,,,,,,,,,,,,,,,,,2022-01-01,,,,,,,,,,,discovery-key::6fb9cbaa3b4276231e74a2cd733ec4b17c2d58f9d4eee4c7bb27ac97c1f8a8fa,2026-09-12
A00000549,ウマ娘 プリティーダービー 新時代の扉,,,,,MOVIE,,,,,,,,,,,,,,,,,,,,,,,,,,,,,,,,,,,,,,,,,,,,,,,,,,,,,,,,,,,,,,discovery-key::84ee3156a6ec790585ce1edb9d689295cc1858a5ca3bf92de3caf3c608a44f4d,2026-09-12
A00000550,カヤちゃんはコワくない,,,,,TV,,,,,,,,,,,,,,,,,,,,,,,,,,,,,,,,,,,,,,,,,,,,,,,,,,,,,,,,,,,,,,discovery-key::bf5c648874cb6a1dbf2911be8ece3aafe71f38e6eaaf4012456554a3ca7ce64f,2026-09-12
A00000551,ホテル・インヒューマンズ,,,,,TV,,,,,,,,,,,,,,,,,,,,,,,,,,,,,,,,,,,,,,,,,,,,,,,,,,,,,,,,,,,,,,discovery-key::c47dcff315e8171fe257bff2cabf3658e366ef384b2af9a1b11557307915a36e,2026-09-12
A00000552,雨夜の月,,,,,TV,,,,,,,,,,,,,,,,,,,,,,,,,,,,,,,,,,,,,,,,,,,,,,,,,,,,,,,,,,,,,,discovery-key::de6eec1fef3aae1059b9d14eda7722c0b2017e09bda6abc3a2c0ef04241a669e,2026-09-12
A00000553,出禁のモグラ,,,,,TV,,,,,,,,,,,,,,,,,,,,,,,,,,,,,,,,,,,,,,,,,,,,,,,,,,,,,,,,,,,,,,discovery-key::d3f059dfed1a50be5bacf9a6c7144190ca02ff62dc71f0d7f4480396ce00af12,2026-09-12
A00000554,わたしが恋人になれるわけないじゃん、ムリムリ!(※ムリじゃなかった!?),,,,,TV,,,,,,,,,,,,,,,,,,,,,,,,,,,,,,,,,,,,,,,,,,,,,,,,,,,,,,,,,,,,,,discovery-key::df0b7a76ea9f792ef7d4ce00bdbc37fb3c1770f630b55e1f8c7df9b9b86171d1,2026-09-12
A00000555,アン・シャーリー,,,,,TV,,,,,,,,,,,,,,,,,,,,,,,,,,,,,,,,,,,,,,,,,,,,,,,,,,,,,,,,,,,,,,discovery-key::90eb8996f3bcb184218fdcefdcc9433a5a867332bc453d6b41cfba4484046677,2026-09-12
A00000556,おばけずかん,,,,,TV,,,,,S1b478127db025b50d4a4224b40bfac69b28cd3f4a5f8a1eb00bd23f4a6e7e835,,,,,,,,,,,,,,,,,,,,,,,,,,,,,,,,,,,,,,,,,,,,,,,,,,,,,,,,,discovery-key::8db5422846c085ace4d8f45dce9f9dd2fe598b3149ff2c5231167adf20fffd7e,2026-09-12
A00000557,キズナイーバー,,,,,TV,2016-04,,,,,,,,,,,,,,,,,,,,,,,,,,,,,,,,,,,,,,,,,,,,,,,,,,,,,,,,,https://kiznaiver.jp/,,,,discovery-key::1601ca6159828fc6f85852dacd0b684951d9333c33ffe699fa6b526db33e7a5f,2026-09-12
A00000558,進撃の巨人 Season2,,,,,TV,,,,,S0d65b7ed2da6aa7079332f8e0551bdda854275062e55af9c7aefd44e168df464,,,,,,,,,,,,,,,,,,,,,,,,,,,,,,,,,,,,,,,,,,,,,,,,,,,,,,,,,discovery-key::79458eaa112f1155927556a3e6f2c0cdf29b38c6aa253a565068759d78b77b70,2026-09-12
A00000559,干物妹!うまるちゃん,,,,,TV,,,,,,,,,,,,,,,,,,,,,,,,,,,,,,,,,,,,,,,,,,,,,,,,,,,,,,,,,,,,,,discovery-key::792a5fe5fb6f57f39490556bf42853bfd74bfb93e1923ec2a52ee0433a1bb2a0,2026-09-12
A00000560,SHY,,,,,TV,,,,,,,,,,,,,,,,,,,,,,,,,,,,,,,,,,,,,,,,,,,,,,,,,,,,,,,,,,,,,,discovery-key::9807eb6ec753a5173bda500e52497ef0c62b0dd7d51891731b39d6dafd9315ae,2026-09-12
A00000561,転生貴族、鑑定スキルで成り上がる 第2期,,,,,TV,,,,,S032381f51a818c1b12b37cc4b8cebc1d9b7a65bcfa7abf136845e4d8907da6e8,,,,,,,,,,,,,,,,,,,,,,,,,,,,,,,,,,,,,,,,,,,,,,,,,,,,,,,,,discovery-key::06bd57671733930d17a478580ee247c74b21ad5fc5818bfa9c6e1e0ced7e6ce2,2026-09-12
A00000562,謎解きはディナーのあとで,,,,,TV,,,,,,,,,,,,,,,,,,,,,,,,,,,,,,,,,,,,,,,,,,,,,,,,,,,,,,,,,,,,,,discovery-key::74d569000c6e6d6321f0357fb735889c5eadfefcf6b792665a5f43033e7051c5,2026-09-12
A00000563,しゃばけ,,,,,TV,,,,,,,,,,,,,,,,,,,,,,,,,,,,,,,,,,,,,,,,,,,,,,,,,,,,,,,,,,,,,,discovery-key::9be2c9aa12d3e14ec985f8786f134b3cce44118ee667503cb54e8eb96a9b2b9b,2026-09-12
A00000564,宇宙人ムームー,,,,,TV,,,,,,,,,,,,,,,,,,,,,,,,,,,,,,,,,,,,,,,,,,,,,,,,,,,,,,,,,,,,,,discovery-key::9c713b415d37b6efb7605424196e97d40433769d30b3f6ed85f09912ff2a6f6c,2026-09-12
A00000565,長門有希ちゃんの消失,,,,,TV,,,,,,,,,,,,,,,,,,,,,,,,,,,,,,,,,,,,,,,,,,,,,,,,,,,,,,,,,,,,,,discovery-key::7f68dfd066e4761be5d8ce850ee68d076b0543241cd745b74ead4b7195657711,2026-09-12
A00000566,グノーシア,,,,,TV,,,,,,,,,,,,,,,,,,,,,,,,,,,,,,,,,,,,,,,,,,,,,,,,,,,,,,,,,,,,,,discovery-key::8a82717b5df6afd3b26b07483149ad57c484161d487bdd469c56c0b45c817523,2026-09-12
A00000567,よわよわ先生,,,,,TV,,,,,,,,,,,,,,,,,,,,,,,,,,,,,,,,,,,,,,,,,,,,,,,,,,,,,,,,,,,,,,discovery-key::0f5a4670502e9250f4d27e8cfce2c7139f4f3b2df37931e109aad9fbb84d36fa,2026-09-12
A00000568,三者三葉,,,,,TV,,,,,,,,,,,,,,,,,,,,,,,,,,,,,,,,,,,,,,,,,,,,,,,,,,,,,,,,,,,,,,discovery-key::07a954337bd19d0995d216255a428573c21bf2918a173f53e17ec1404f1f718d,2026-09-12
A00000569,ネクロノミ子のコズミックホラーショウ,,,,,TV,,,,,,,,,,,,,,,,,,,,,,,,,,,,,,,,,,,,,,,,,,,,,,,,,,,,,,,,,,,,,,discovery-key::7c0e4dd98be51e8d7a6fea832d8e72d148c30810cb8f31c5967066cab4b09671,2026-09-12
A00000570,シャンピニオンの魔女,,,,,TV,,,,,,,,,,,,,,,,,,,,,,,,,,,,,,,,,,,,,,,,,,,,,,,,,,,,,,,,,,,,,,discovery-key::593245d50b732bb71dfaf96712cfa6238375ec759f216e8ed7aa289fc4a9268b,2026-09-12
A00000571,フードコートで、また明日。,,,,,TV,,,,,,,,,,,,,,,,,,,,,,,,,,,,,,,,,,,,,,,,,,,,,,,,,,,,,,,,,,,,,,discovery-key::da824526546cdfe451b4b0fe0966151044582a62d4451ee4fdf368807e4f035b,2026-09-12
A00000572,ハミダシクリエイティブ,,,,,TV,,,,,,,,,,,,,,,,,,,,,,,,,,,,,,,,,,,,,,,,,,,,,,,,,,,,,,,,,,,,,,discovery-key::9090fd9fe7ede7a2b6a5012bcd74f7991e8de87f495e4a9324d2db9a98405da4,2026-09-12
A00000573,アルカナディア,,,,,TV,,,,,,,,,,,,,,,,,,,,,,,,,,,,,,,,,,,,,,,,,,,,,,,,,,,,,,,,,,,,,,discovery-key::c0250e5cd3b2f1cd30a13117ac4488a2036c49f43a28c5d0c030f6a425c07fe4,2026-09-12
A00000574,さばげぶっ!,,,,,TV,,,,,,,,,,,,,,,,,,,,,,,,,,,,,,,,,,,,,,,,,,,,,,,,,,,,,,,,,,,,,,discovery-key::26913a5195336cd3bb3e703f0d80df86dcfce7b72144366234b59c60e952e349,2026-09-12
A00000575,果てしなきスカーレット,,,,,MOVIE,,,,,,,,,,,,,,,,,,,,,,,,,,,,,,,,,,,,,,,,,,,,,,,,,,,,,,,,,,,,,,discovery-key::bb34d7bcf1b775a88f5467f8813342f732918ea91251078e773a8c23e548dfc6,2026-09-12
A00000576,フェルマーの料理,,,,,TV,,,,,,,,,,,,,,,,,,,,,,,,,,,,,,,,,,,,,,,,,,,,,,,,,,,,,,,,,,,,,,discovery-key::9931483d0577014941821de66312470cfb864ea0be64fc99bad43a46e7768771,2026-09-12
A00000577,日々は過ぎれど飯うまし,,,,,TV,,,,,,,,,,,,,,,,,,,,,,,,,,,,,,,,,,,,,,,,,,,,,,,,,,,,,,,,,,,,,,discovery-key::a69a035f8bd6a3d51a22273794f9dafd6518e6cc53595d633292d8d35a733a59,2026-09-12
A00000578,ふたりソロキャンプ,,,,,TV,,,,,,,,,,,,,,,,,,,,,,,,,,,,,,,,,,,,,,,,,,,,,,,,,,,,,,,,,,,,,,discovery-key::b42016d0f034c737f4949a78f319a9506ea414953c27a6d02196004e727a2315,2026-09-12
A00000579,水属性の魔法使い,,,,,TV,,,,,,,,,,,,,,,,,,,,,,,,,,,,,,,,,,,,,,,,,,,,,,,,,,,,,,,,,,,,,,discovery-key::d46c6a9f769b21c037c1b0bcb0d6fa395bafcd1f9c6552984317608b985cf413,2026-09-12
A00000580,アルマちゃんは家族になりたい,,,,,TV,,,,,,,,,,,,,,,,,,,,,,,,,,,,,,,,,,,,,,,,,,,,,,,,,,,,,,,,,,,,,,discovery-key::c65b38ce26741bb9e34c5b8a70cb321aef373f6b2173e10e20874af38ade72e5,2026-09-12
A00000581,ちゃんと吸えない吸血鬼ちゃん,,,,,TV,,,,,,,,,,,,,,,,,,,,,,,,,,,,,,,,,,,,,,,,,,,,,,,,,,,,,,,,,,,,,,discovery-key::93e8b8efc08fa1800222d09d56f8428e239dcea562127995a28b3935c51225a3,2026-09-12
A00000582,炎炎ノ消防隊 参ノ章,,,,,TV,,,,,S55b004802fab1ccf3996e68a4421d37fe9ef2d221aa843c967fab10a67b6003a,,,,,,,,,,,,,,,,,,,,,,,,,,,,,,,,,,,,,,,,,,,,,,,,,,,,,,,,,discovery-key::dda2cbfa2b91d0aaab23897112201f8e0aab383835144cc2f8e270b04f038a10,2026-09-12
A00000583,気絶勇者と暗殺姫,,,,,TV,,,,,,,,,,,,,,,,,,,,,,,,,,,,,,,,,,,,,,,,,,,,,,,,,,,,,,,,,,,,,,discovery-key::ec1badeb6ccf1940e229c1f25bd131ce16143bb1d52d5b9bb9b29ec6fac3b2c2,2026-09-12
A00000584,蟲師,,,,,TV,,,,,,,,,,,,,,,,,,,,,,,,,,,,,,,,,,,,,,,,,,,,,,,,,,,,,,,,,,,,,,discovery-key::a56be63113b97f33092821aea788d26c92f7f8533c3e522e21199b83720f75ef,2026-09-12
A00000585,蟲師 続章,,,,,TV,,,,,S47fb9da60e603be939f72f302f6c6963d0ef6a65e9bbe3283a2d75ff5c767c71,,,,,,,,,,,,,,,,,,,,,,,,,,,,,,,,,,,,,,,,,,,,,,,,,,,,,,,,,discovery-key::243bb199d9c7fd710e965f4198159da829526d93e68af1fbc4f14c6424c7cdb5,2026-09-12
A00000586,かんなぎ,,,,,TV,,,,,,,,,,,,,,,,,,,,,,,,,,,,,,,,,,,,,,,,,,,,,,,,,,,,,,,,,,,,,,discovery-key::07044b458b75aedef70553f82f0696ac358f34ea3fc4f61d9a23d563713e9788,2026-09-12
A00000587,太陽よりも眩しい星,,,,,TV,,,,,,,,,,,,,,,,,,,,,,,,,,,,,,,,,,,,,,,,,,,,,,,,,,,,,,,,,,,,,,discovery-key::d15a28ec8bb6174bc812a675530440f4d8ab99c4f6d2655657a18b48274a6b12,2026-09-12
A00000588,レプリカだって、恋をする。,,,,,TV,,,,,,,,,,,,,,,,,,,,,,,,,,,,,,,,,,,,,,,,,,,,,,,,,,,,,,,,,,,,,,discovery-key::3b2f290ec88d528bdfed2a0f35ed53c574c4eecbef40f11dc296a9d0b2c60e0f,2026-09-12
A00000589,人妻の唇は缶チューハイの味がして,,,,,TV,,,,,,,,,,,,,,,,,,,,,,,,,,,,,,,,,,,,,,,,,,,,,,,,,,,,,,,,,,,,,,discovery-key::b85bb2314ddc9ef95bdf146af6e19f4c94d8abf2576c898c53a46855c2234d86,2026-09-12
A00000590,気になってる人が男じゃなかった,,,,,TV,,,,,,,,,,,,,,,,,,,,,,,,,,,,,,,,,,,,,,,,,,,,,,,,,,,,,,,,,,,,,,discovery-key::3a96d67495021f1ba070ba3e87c0a9a9dbf8e8a922d91bf3f7746367c45c73b6,2026-09-12
A00000591,猫と竜,,,,,TV,,,,,,,,,,,,,,,,,,,,,,,,,,,,,,,,,,,,,,,,,,,,,,,,,,,,,,,,,,,,,,discovery-key::67358d0651d107b77cec9f74953d53fc330d5c5a0a81e12318c7ff7d3d379049,2026-09-12
A00000592,忍者と極道,,,,,TV,,,,,,,,,,,,,,,,,,,,,,,,,,,,,,,,,,,,,,,,,,,,,,,,,,,,,,,,,,,,,,discovery-key::852668da114bea7fe4d10190b0b28cac7e076070b1c60c0a01d4e40de9c95642,2026-09-12
A00000593,終末ツーリング,,,,,TV,,,,,,,,,,,,,,,,,,,,,,,,,,,,,,,,,,,,,,,,,,,,,,,,,,,,,,,,,,,,,,discovery-key::b5cdfea43febc72cbb8f142ec80dcdca8b68dd8521a80e33137f62a4d3d74fd6,2026-09-12
A00000594,きみが死ぬまで恋をしたい,,,,,TV,,,,,,,,,,,,,,,,,,,,,,,,,,,,,,,,,,,,,,,,,,,,,,,,,,,,,,,,,,,,,,discovery-key::b18e0d3c6453c91c7c77d836bd286daf83c992d67a989f7d252f1504b6c23085,2026-09-12
A00000595,ツインズひなひま,,,,,TV,,,,,,,,,,,,,,,,,,,,,,,,,,,,,,,,,,,,,,,,,,,,,,,,,,,,,,,,,,,,,,discovery-key::decfd16cb33e32300bb8cb3766e38bdf29f40ab18efc4e330906133c9fab651e,2026-09-12
A00000596,さわらないで小手指くん,,,,,TV,,,,,,,,,,,,,,,,,,,,,,,,,,,,,,,,,,,,,,,,,,,,,,,,,,,,,,,,,,,,,,discovery-key::d3c9e6f21c6b54af304be0f42d99005f21492341676e7c83aa552d7162402218,2026-09-12
A00000597,陰陽廻天 Re:バース,,,,,TV,,,,,,,,,,,,,,,,,,,,,,,,,,,,,,,,,,,,,,,,,,,,,,,,,,,,,,,,,,,,,,discovery-key::69312a22892ca98aed7a4d653d12606f05b6d27c6c2f7bbda00783cb352bc14e,2026-09-12
A00000598,転生した大聖女は、聖女であることをひた隠す,,,,,TV,,,,,,,,,,,,,,,,,,,,,,,,,,,,,,,,,,,,,,,,,,,,,,,,,,,,,,,,,,,,,,discovery-key::2e8cb55ebee5882aa4861208f8dab376233665b3085bdd15b31e06f7b8d25ea7,2026-09-12
A00000599,劇場版 転生したらスライムだった件 蒼海の涙編,,,,,MOVIE,,,,,,,,,,,,,,,,,,,,,,,,,,,,,,,,,,,,,,,,,,,,,,,,,,,,,,,,,,,,,,discovery-key::f04697e355d340287c412ef90eca0d74c43d719be506bbee2daa795cfba1f2da,2026-09-12
A00000600,東島丹三郎は仮面ライダーになりたい,,,,,TV,,,,,,,,,,,,,,,,,,,,,,,,,,,,,,,,,,,,,,,,,,,,,,,,,,,,,,,,,,,,,,discovery-key::17b255f9e86d27a0d33600812e338d7291505e3a429db26a80848142714f665c,2026-09-12
A00000601,上伊那ぼたん、酔へる姿は百合の花,,,,,TV,,,,,,,,,,,,,,,,,,,,,,,,,,,,,,,,,,,,,,,,,,,,,,,,,,,,,,,,,,,,,,discovery-key::f7f1b2b891c54f921f0d6efcee77f97d3925a7caff7041b1a9cac17b4516265f,2026-09-12
A00000602,デッドアカウント,,,,,TV,,,,,,,,,,,,,,,,,,,,,,,,,,,,,,,,,,,,,,,,,,,,,,,,,,,,,,,,,,,,,,discovery-key::1250beeaba908665f2fce496621e0682619e05299638491a0f7aabf310a3a4ed,2026-09-12
A00000603,真夜中ハートチューン,,,,,TV,,,,,,,,,,,,,,,,,,,,,,,,,,,,,,,,,,,,,,,,,,,,,,,,,,,,,,,,,,,,,,discovery-key::efa80cdaa7c78842af756b95fc692287c4b304cd861206815a0ab70dda779a25,2026-09-12
A00000604,顔に出ない柏田さんと顔に出る太田君,,,,,TV,,,,,,,,,,,,,,,,,,,,,,,,,,,,,,,,,,,,,,,,,,,,,,,,,,,,,,,,,,,,,,discovery-key::2fe8074b8923cc61ba70c333bdf2af3d6578945335d998a7ce7f97375adc38a6,2026-09-12
A00000605,勇者のクズ,,,,,TV,,,,,,,,,,,,,,,,,,,,,,,,,,,,,,,,,,,,,,,,,,,,,,,,,,,,,,,,,,,,,,discovery-key::a6d67fe92565d257f80db961357e4e55d714127037778216c39fcde6a57455dc,2026-09-12
A00000606,ふつつかな悪女ではございますが ~雛宮蝶鼠とりかえ伝~,,,,,TV,,,,,,,,,,,,,,,,,,,,,,,,,,,,,,,,,,,,,,,,,,,,,,,,,,,,,,,,,,,,,,discovery-key::2e7a3e8082620c7b2c4725634977d6fea1e1fce336a026782f3cb232244d614c,2026-09-12
A00000607,クスノキの番人,,,,,MOVIE,,,,,,,,,,,,,,,,,,,,,,,,,,,,,,,,,,,,,,,,,,,,,,,,,,,2026-01-30,,,,,,,,,,,discovery-key::4b757332247c11abc796849cd5034b433133a67ee89a14b76dc4aa1bd307eec9,2026-09-12
A00000608,ポンコツ風紀委員とスカート丈が不適切なJKの話,,,,,TV,,,,,,,,,,,,,,,,,,,,,,,,,,,,,,,,,,,,,,,,,,,,,,,,,,,,,,,,,,,,,,discovery-key::a0549065edd70b7ae01abb6714c85e03c8e6fa661e07bf3696dd04251b12327b,2026-09-12
A00000609,カナン様はあくまでチョロい,,,,,TV,,,,,,,,,,,,,,,,,,,,,,,,,,,,,,,,,,,,,,,,,,,,,,,,,,,,,,,,,,,,,,discovery-key::143967cc4745f4da0f530efa8d197905cb7ca88d8debffd56a5d3729a97e3644,2026-09-12
A00000610,ひゃくえむ。,,,,,MOVIE,,,,,,,,,,,,,,,,,,,,,,,,,,,,,,,,,,,,,,,,,,,,,,,,,,,,,,,,,,,,,,discovery-key::1c82d9691e29f8146d477db440e0dbc02157aa0ac8b6812e4fbaf50d37ce352d,2026-09-12
A00000611,「お前ごときが魔王に勝てると思うな」と勇者パーティを追放されたので、王都で気ままに暮らしたい,,,,,TV,,,,,,,,,,,,,,,,,,,,,,,,,,,,,,,,,,,,,,,,,,,,,,,,,,,,,,,,,,,,,,discovery-key::af2cd2dbe16160d38e592e56cc39c8361fdcd03fc3932b820a8cc9aac11947a6,2026-09-12
A00000612,生徒会にも穴はある!,,,,,TV,,,,,,,,,,,,,,,,,,,,,,,,,,,,,,,,,,,,,,,,,,,,,,,,,,,,,,,,,,,,,,discovery-key::6803c24a1c22ddf2169e4f00a357d14c9de807218564cbe4c0d152cffb75e3e7,2026-09-12
A00000613,もっと!まじめにふまじめ かいけつゾロリ,,,,,TV,,,,,,,,,,,,,,,,,,,,,,,,,,,,,,,,,,,,,,,,,,,,,,,,,,,,,,,,,,,,,,discovery-key::11ed70a84dcff5e48c79bf07a842beecc379752c7f60d999c973ef651cd4f126,2026-09-12
A00000614,炎炎ノ消防隊,,,,,TV,,,,,,,,,,,,,,,,,,,,,,,,,,,,,,,,,,,,,,,,,,,,,,,,,,,,,,,,,,,,,,discovery-key::a979149050e642d23873e1246d2a93ca3a82245f783c42c0098f434e33a6d563,2026-09-12
A00000615,炎炎ノ消防隊 弐ノ章,,,,,TV,,,,,S55b004802fab1ccf3996e68a4421d37fe9ef2d221aa843c967fab10a67b6003a,,,,,,,,,,,,,,,,,,,,,,,,,,,,,,,,,,,,,,,,,,,,,,,,,,,,,,,,,discovery-key::d9d2a7595d41485152c903327510de9dd4ad36c52e96e80b142456d21df98fb0,2026-09-12
A00000616,カッコウの許嫁,,,,,TV,,,,,,,,,,,,,,,,,,,,,,,,,,,,,,,,,,,,,,,,,,,,,,,,,,,,,,,,,,,,,,discovery-key::cdc7968f27fca1a14630ce1ae1660ea2f33dce99d198dd8e94a13dfc7a68edf1,2026-09-12
A00000617,冴えない彼女の育てかた,,,,,TV,,,,,,,,,,,,,,,,,,,,,,,,,,,,,,,,,,,,,,,,,,,,,,,,,,,,,,,,,,,,,,discovery-key::43262b5a33b98912dd33e1420688b5454a37296b5249ccad55e24f00ecdf6c04,2026-09-12
A00000618,ルックバック,,,,,MOVIE,,,,,,,,,,,,,,,,,,,,,,,,,,,,,,,,,,,,,,,,,,,,,,,,,,,,,,,,,,,,,,discovery-key::9f196aff4f88060debf60d235b73f13f2258b08a7c46443d8913d97069ccf2f2,2026-09-12
A00000619,29歳独身中堅冒険者の日常,,,,,TV,,,,,,,,,,,,,,,,,,,,,,,,,,,,,,,,,,,,,,,,,,,,,,,,,,,,,,,,,,,,,,discovery-key::41f8cdcc44345b2804669d5ce4cacf867dbc8eb04421f655c5c93495f2446c06,2026-09-12
A00000620,うるわしの宵の月,,,,,TV,,,,,,,,,,,,,,,,,,,,,,,,,,,,,,,,,,,,,,,,,,,,,,,,,,,,,,,,,,,,,,discovery-key::ad13a80a546320e3db4c207a69eb31538d9a7755774a012131e8e681a3ac81fc,2026-09-12
A00000621,エレキシード,,,,,TV,,,,,,,,,,,,,,,,,,,,,,,,,,,,,,,,,,,,,,,,,,,,,,,,,,,,,,,,,,,,,,discovery-key::ab04129224b3381bbce3efba82ec821d27f3c55a6b13adf6d62d0c13c905ebfc,2026-09-12
A00000622,傷だらけ聖女より報復をこめて,,,,,TV,,,,,,,,,,,,,,,,,,,,,,,,,,,,,,,,,,,,,,,,,,,,,,,,,,,,,,,,,,,,,,discovery-key::619d913dd551c8b151eb57359eaa2f9b5e3dca7e5cbde2e73d52d0221d17e948,2026-09-12
A00000623,ガールズ&パンツァー もっとらぶらぶ作戦です!,,,,,MOVIE,,,,,,,,,,,,,,,,,,,,,,,,,,,,,,,,,,,,,,,,,,,,,,,,,,,,,,,,,,,,,,discovery-key::b3441fb68a7101ba108943f654597206d19ea6da18c051c7b56e36d23144cf0c,2026-09-12
A00000624,綺麗にしてもらえますか。,,,,,TV,,,,,,,,,,,,,,,,,,,,,,,,,,,,,,,,,,,,,,,,,,,,,,,,,,,,,,,,,,,,,,discovery-key::3db65ebd0def10cfd9666b2fc38e8a7f4f2d233e96370e7d53488ff262797bb9,2026-09-12
A00000625,ンめねこ,,,,,TV,,,,,,,,,,,,,,,,,,,,,,,,,,,,,,,,,,,,,,,,,,,,,,,,,,,,,,,,,,,,,,discovery-key::7a63b5ed4f16c172b9dd277213e188aba9416d11875c9e7a4350c1967e876dc1,2026-09-12
A00000626,愛してるゲームを終わらせたい,,,,,TV,,,,,,,,,,,,,,,,,,,,,,,,,,,,,,,,,,,,,,,,,,,,,,,,,,,,,,,,,,,,,,discovery-key::2cfe06f4f61be4819650fb6919461263dffd27c9819b5c37274e7717eba075aa,2026-09-12
A00000627,The Graffiti,,,,,SHORT,,,,,,,,,,,,,,,,,,,,,,,,,,,,,,,,,,,,,,,,,,,,,,,,,,,,,,,,,,,,,,discovery-key::a3af7100cd52bd378638f056f6525a01eb046eafc2ed74a6df35f97efd2cd251,2026-09-12
A00000628,華Doll*-Reinterpretation of Flowering-,,,,,TV,,,,,,,,,,,,,,,,,,,,,,,,,,,,,,,,,,,,,,,,,,,,,,,,,,,,,,,,,,,,,,discovery-key::0b56127a81dd9de4620dce7bc29e14060413febd267d3df066df5ebc498befca,2026-09-12
A00000629,劇場版 Free!-Road to the World-夢,,,,,MOVIE,,,,,,,,,,,,,,,,,,,,,,,,,,,,,,,,,,,,,,,,,,,,,,,,,,,,,,,,,,,,,,discovery-key::de8aa8bd97600afbc9771bc116790e6b54e4d882675bf23c3cf07aa3ab8ac449,2026-09-12
A00000630,劇場版 Collar×Malice -deep cover-,,,,,MOVIE,,,,,,,,,,,,,,,,,,,,,,,,,,,,,,,,,,,,,,,,,,,,,,,,,,,,,,,,,,,,,,discovery-key::a58529ed66ffcbd630e3e63a0005623669266df2c18b6e1e885a2afedda56892,2026-09-12
A00000631,カッコウの許嫁 Season2,,,,,TV,,,,,Sf188cfd5531f934aed434e30b30ece80c89a935fd844433cfbb12d9e6709766f,,,,,,,,,,,,,,,,,,,,,,,,,,,,,,,,,,,,,,,,,,,,,,,,,,,,,,,,,discovery-key::9fb526e0cc588522122d5244db005d6865387f42e258f0d2774c52ccdf006144,2026-09-12
A00000632,魔王の娘は優しすぎる!!,,,,,TV,,,,,,,,,,,,,,,,,,,,,,,,,,,,,,,,,,,,,,,,,,,,,,,,,,,,,,,,,,,,,,discovery-key::614305166052fe1d15b3e8b65123909501a175c30160d90a3a18406f04a890cf,2026-09-12
A00000633,拷問バイトくんの日常,,,,,TV,,,,,,,,,,,,,,,,,,,,,,,,,,,,,,,,,,,,,,,,,,,,,,,,,,,,,,,,,,,,,,discovery-key::5dfc35af6a4843c98f70f145d47a229665a45afa163459dcaa16949a929ea63f,2026-09-12
A00000634,永久のユウグレ,,,,,TV,,,,,,,,,,,,,,,,,,,,,,,,,,,,,,,,,,,,,,,,,,,,,,,,,,,,,,,,,,,,,,discovery-key::a2e825ea180fcd8f81936f28d5af8688b76b57ca470451aa1d8a2cff880c7b86,2026-09-12
A00000635,森のくまさん、冬眠中。,,,,,TV,,,,,,,,,,,,,,,,,,,,,,,,,,,,,,,,,,,,,,,,,,,,,,,,,,,,,,,,,,,,,,discovery-key::e9157fc91c4c1b19af932fe3d4bfde085a8413289c4dc263c0b5eb3ab7139a8f,2026-09-12
A00000636,やたらやらしい深見くん,,,,,TV,,,,,,,,,,,,,,,,,,,,,,,,,,,,,,,,,,,,,,,,,,,,,,,,,,,,,,,,,,,,,,discovery-key::020e0e675101957e4cacc178f27dcea0c895773b7032bc75cb1f6c33d3e8dd14,2026-09-12
A00000637,BanG Dream! Morfonication,,,,,TV,,,,,,,,,,,,,,,,,,,,,,,,,,,,,,,,,,,,,,,,,,,,,,,,,,,,,,,,,,,,,,discovery-key::9e968045234e30e34c7155d242703107c6630f0b5d65b6a7c4d6adb5825be3ed,2026-09-12
A00000638,灰原くんの強くて青春ニューゲーム,,,,,TV,,,,,,,,,,,,,,,,,,,,,,,,,,,,,,,,,,,,,,,,,,,,,,,,,,,,,,,,,,,,,,discovery-key::eab294d7dbc5a88ae7e52cf1f1440c0c4335367e51deae0884a3bcc3423ba0c2,2026-09-12
A00000639,Let's Play クエストだらけのマイライフ,,,,,TV,,,,,,,,,,,,,,,,,,,,,,,,,,,,,,,,,,,,,,,,,,,,,,,,,,,,,,,,,,,,,,discovery-key::b08f0755b686f02ea263f23a53917cd0cf09c1629a95d8804f655a500f40f486,2026-09-12
A00000640,一畳間まんきつ暮らし!,,,,,TV,,,,,,,,,,,,,,,,,,,,,,,,,,,,,,,,,,,,,,,,,,,,,,,,,,,,,,,,,,,,,,discovery-key::a289044ca0ac2eb9833778b10556d665603efa532155894a89e4d09852dce134,2026-09-12
A00000641,運命の巻戻士,,,,,TV,,,,,,,,,,,,,,,,,,,,,,,,,,,,,,,,,,,,,,,,,,,,,,,,,,,,,,,,,,,,,,discovery-key::547ba5a99e255429b93348640efc381136fafdf3ec0cf9cee5fea79c999bef56,2026-09-12
A00000642,MAO,,,,,TV,,,,,,,,,,,,,,,,,,,,,,,,,,,,,,,,,,,,,,,,,,,,,,,,,,,,,,,,,,,,,,discovery-key::d594caee6bb4c6221540ee24859f4a26b075725f62c1fa6b673e9e0674b68775,2026-09-12
A00000643,神の庭付き楠木邸,,,,,TV,,,,,,,,,,,,,,,,,,,,,,,,,,,,,,,,,,,,,,,,,,,,,,,,,,,,,,,,,,,,,,discovery-key::5e20d11980e20748013a91cd82bfa2332ff5e19eb7dbd81ce9938c0f09ba50e8,2026-09-12
A00000644,スノウボールアース,,,,,TV,,,,,,,,,,,,,,,,,,,,,,,,,,,,,,,,,,,,,,,,,,,,,,,,,,,,,,,,,,,,,,discovery-key::899ab0d84b35f75e61d1a677d62cd7392f0c360f76569a66f22be3e3bef00c75,2026-09-12
A00000645,銀河特急 ミルキー☆サブウェイ,,,,,TV,,,,,,,,,,,,,,,,,,,,,,,,,,,,,,,,,,,,,,,,,,,,,,,,,,,,,,,,,,,,,,discovery-key::7d5f6910a4e6be0f1fabdf310b168b72d19ab5a966238ec464d9b98bfebb9548,2026-09-12
A00000646,いびってこない義母と義姉,,,,,TV,,,,,,,,,,,,,,,,,,,,,,,,,,,,,,,,,,,,,,,,,,,,,,,,,,,,,,,,,,,,,,discovery-key::8a4e468482190bd4625dc74f640ce9fc623b7dc768a19b9e0c89e007af0653fc,2026-09-12
A00000647,黒猫と魔女の教室,,,,,TV,,,,,,,,,,,,,,,,,,,,,,,,,,,,,,,,,,,,,,,,,,,,,,,,,,,,,,,,,,,,,,discovery-key::256f5963e6a4f34534db56d595ad45bd245aca71b0b11d98f42a5ce895e61b60,2026-09-12
A00000648,結界師の一輪華,,,,,TV,,,,,,,,,,,,,,,,,,,,,,,,,,,,,,,,,,,,,,,,,,,,,,,,,,,,,,,,,,,,,,discovery-key::9c674b10552820da47acccf36a3b74c0fd54d48de9848eae0c464f248559518f,2026-09-12
A00000649,メイドさんは食べるだけ,,,,,TV,,,,,,,,,,,,,,,,,,,,,,,,,,,,,,,,,,,,,,,,,,,,,,,,,,,,,,,,,,,,,,discovery-key::cbb72f219e0cbd0b39eeb251e5f594520bb3a8371ec4bda73e2ce53f7ea56cff,2026-09-12
A00000650,藤本タツキ17-26,,,,,ONA,,,,,,,,,,,,,,,,,,,,,,,,,,,,,,,,,,,,,,,,,,,,,,,,,,,,,,,,,,,,,,discovery-key::68dbb834072b41ec7edec013c8491bb935a7049f27967d4021894c508d38af30,2026-09-12
A00000651,人外教室の人間嫌い教師,,,,,TV,,,,,,,,,,,,,,,,,,,,,,,,,,,,,,,,,,,,,,,,,,,,,,,,,,,,,,,,,,,,,,discovery-key::109021ec79123c7eb67d3174ef32de8352b7aa11fb54ab810abba1e98f2343de,2026-09-12
A00000652,手札が多めのビクトリア,,,,,TV,,,,,,,,,,,,,,,,,,,,,,,,,,,,,,,,,,,,,,,,,,,,,,,,,,,,,,,,,,,,,,discovery-key::267774ae52ed3388cc7b863faee237cd7d2f6dfa890a041fba15292b05523773,2026-09-12
A00000653,神田川 JETGIRLS,,,,,TV,,,,,,,,,,,,,,,,,,,,,,,,,,,,,,,,,,,,,,,,,,,,,,,,,,,,,,,,,,,,,,discovery-key::a62ad32ad2da754167c960a69e97c174bae1b68b2416050b302009b5aeb76162,2026-09-12
A00000654,劇場版「僕の心のヤバイやつ」,,,,,MOVIE,,,,,,,,,,,,,,,,,,,,,,,,,,,,,,,,,,,,,,,,,,,,,,,,,,,,,,,,,,,,,,discovery-key::32880bf4e8badc4e239a891d9f2f517c2b321dd41736deb05dde3ed400968464,2026-09-12
A00000655,花緑青が明ける日に,,,,,MOVIE,,,,,,,,,,,,,,,,,,,,,,,,,,,,,,,,,,,,,,,,,,,,,,,,,,,,,,,,,,,,,,discovery-key::19445af964a061656b3eccdae544d7119d20e2e2072d67d8d40604e9cb3cd9b3,2026-09-12
A00000656,衛宮さんちの今日のごはん,,,,,ONA,,,,,,,,,,,,,,,,,,,,,,,,,,,,,,,,,,,,,,,,,,,,,,,,,,,,,,,,,,,,,,discovery-key::01d5b729f0c25cfa4ebeb73624614b973ec184c4a7742b9cab1de2bb167a95be,2026-09-12
A00000657,キルラキル,,,,,TV,,,,,,,,,,,,,,,,,,,,,,,,,,,,,,,,,,,,,,,,,,,,,,,,,,,,,,,,,,,,,,discovery-key::035954e9dca30ddd52b69ebe913f85d0579d8c347928d15c9b3ac4da61ab3a16,2026-09-12
A00000658,オタクに優しいギャルはいない!?,,,,,TV,,,,,,,,,,,,,,,,,,,,,,,,,,,,,,,,,,,,,,,,,,,,,,,,,,,,,,,,,,,,,,discovery-key::3128c97d56df946546293a828030a36bfebd0d46c484eb5d0af479ad86f1d0ac,2026-09-12
A00000659,二十世紀電氣目録,,,,,TV,,,,,,,,,,,,,,,,,,,,,,,,,,,,,,,,,,,,,,,,,,,,,,,,,,,,,,,,,,,,,,discovery-key::88ee5acb324c07b60194f53995c59c1fa036233c8c4db505e454052a6962a4f6,2026-09-12
A00000660,ももくり,,,,,ONA,,,,,,,,,,,,,,,,,,,,,,,,,,,,,,,,,,,,,,,,,,,,,,,,,,,,,,,,,,,,,,discovery-key::10111b49fa16d46be0344f810c82687f5237b869ed04d640a19ab154b5223f6f,2026-09-12
A00000661,才女のお世話 高嶺の花だらけな名門校で、学院一のお嬢様(生活能力皆無)を陰ながらお世話することになりました,,,,,TV,,,,,,,,,,,,,,,,,,,,,,,,,,,,,,,,,,,,,,,,,,,,,,,,,,,,,,,,,,,,,,discovery-key::968f426554de4f7c4cd4c88a05424674a0f851ce8d1b2ae437bf508b14f2dcd0,2026-09-12
A00000662,逃がした魚は大きかったが釣りあげた魚が大きすぎた件,,,,,TV,,,,,,,,,,,,,,,,,,,,,,,,,,,,,,,,,,,,,,,,,,,,,,,,,,,,,,,,,,,,,,discovery-key::3f3b150fa98c296614969ed2b515e6cb5617154340a48c3437f00b8dbb0d8a38,2026-09-12
A00000663,おじさんはカワイイものがお好き。,,,,,TV,,,,,,,,,,,,,,,,,,,,,,,,,,,,,,,,,,,,,,,,,,,,,,,,,,,,,,,,,,,,,,discovery-key::ab0dd2c21c4d28744cb63ce655b713cbea92894813e7c52daf273f4b36e7d6c8,2026-09-12
A00000664,宇宙のステルヴィア,,,,,TV,,,,,,,,,,,,,,,,,,,,,,,,,,,,,,,,,,,,,,,,,,,,,,,,,,,,,,,,,,,,,,discovery-key::bef946dec39e2c2c65fbc7abcfb053f22ee3206c712684bbd11c9c98de689700,2026-09-12
A00000665,GAMBA ガンバと仲間たち,,,,,MOVIE,,,,,,,,,,,,,,,,,,,,,,,,,,,,,,,,,,,,,,,,,,,,,,,,,,,,,,,,,,,,,,discovery-key::eba0ddc15d5db1503fbe1b1f72efca9ceef4e78f8a47efe3b87ee80db12623df,2026-09-12
A00000666,結婚するって、本当ですか,,,,,TV,,,,,,,,,,,,,,,,,,,,,,,,,,,,,,,,,,,,,,,,,,,,,,,,,,,,,,,,,,,,,,discovery-key::93fa0515f82f7d7887d897c073f24568361762a043913dda4a9de23e06f4f816,2026-09-12
A00000667,うごく!ねこむかしばなし,,,,,ONA,,,,,,,,,,,,,,,,,,,,,,,,,,,,,,,,,,,,,,,,,,,,,,,,,,,,,,,,,,,,,,discovery-key::3a994ce293fa4f9d06817f8c7dd17618f152298f6771e9db412141aeb8e9b22e,2026-09-12
A00000668,茉莉花ちゃんの好感度はぶっ壊れている,,,,,TV,,,,,,,,,,,,,,,,,,,,,,,,,,,,,,,,,,,,,,,,,,,,,,,,,,,,,,,,,,,,,,discovery-key::9394be914c7b1ea039c2ed2e13081ebea6331a8fc60f5d80a604b521d9c860df,2026-09-12
A00000669,描くなるうえは,,,,,TV,,,,,,,,,,,,,,,,,,,,,,,,,,,,,,,,,,,,,,,,,,,,,,,,,,,,,,,,,,,,,,discovery-key::7a97bce46178a0ae67c525ee7059670e36a7ee240d86e0dfe0b1fb842f3265f8,2026-09-12
A00000670,楽園追放 心のレゾナンス,,,,,MOVIE,,,,,,,,,,,,,,,,,,,,,,,,,,,,,,,,,,,,,,,,,,,,,,,,,,,,,,,,,,,,,,discovery-key::89a03bd21e8939642208f14e3e3bdb0808ae13b441e92a22a7ab2c6d486eade7,2026-09-12
A00000671,ダーウィンズゲーム,,,,,TV,,,,,,,,,,,,,,,,,,,,,,,,,,,,,,,,,,,,,,,,,,,,,,,,,,,,,,,,,,,,,,discovery-key::68161c0f35a2ed7944cc5cc88eaec646d37645349d5bcd83dbddc351e340f875,2026-09-12
A00000672,劇場版テニスの王子様 英国式庭球城決戦!,,,,,MOVIE,,,,,,,,,,,,,,,,,,,,,,,,,,,,,,,,,,,,,,,,,,,,,,,,,,,,,,,,,,,,,,discovery-key::5272a049b5e25615d88ddb27607bcb353dcb94e38d74d62e7e08038e8be85d78,2026-09-12
A00000673,映画ちいかわ 人魚の島のひみつ,,,,,MOVIE,,,,,,,,,,,,,,,,,,,,,,,,,,,,,,,,,,,,,,,,,,,,,,,,,,,,,,,,,,,,,,discovery-key::f4895b448bc0d4f4e2078654628f181d79db4e87097c72b0244d1dce66b658b6,2026-09-12
A00000674,ただいま、おじゃまされます!,,,,,TV,,,,,,,,,,,,,,,,,,,,,,,,,,,,,,,,,,,,,,,,,,,,,,,,,,,,,,,,,,,,,,discovery-key::70d84a2bb0746b3ea445e86d13405ac54d730753845af170b02266f872fef1e4,2026-09-12
A00000675,おおかみこどもの雨と雪,,,,,MOVIE,,,,,,,,,,,,,,,,,,,,,,,,,,,,,,,,,,,,,,,,,,,,,,,,,,,,,,,,,,,,,,discovery-key::e17d237ba48e545b09a6f3d12b0a145e81a0ee9b334d8061ac68ae148e12a42f,2026-09-12
A00000676,PSYREN -サイレン-,,,,,TV,,,,,,,,,,,,,,,,,,,,,,,,,,,,,,,,,,,,,,,,,,,,,,,,,,,,,,,,,,,,,,discovery-key::b376a1742477bb50c27b2b6f1f738fb33e9c5fc7d4c68051f44a1bcbac5f8cd9,2026-09-12
A00000677,新こちら葛飾区亀有公園前派出所,,,,,TV,,,,,,,,,,,,,,,,,,,,,,,,,,,,,,,,,,,,,,,,,,,,,,,,,,,,,,,,,,,,,,discovery-key::cd035f9511bf2978bacc37af4818af6b035db55e7fa0fe33712973eb78d8cca2,2026-09-12
A00000678,地雷なんですか?地原さん,,,,,TV,,,,,,,,,,,,,,,,,,,,,,,,,,,,,,,,,,,,,,,,,,,,,,,,,,,,,,,,,,,,,,discovery-key::3ac0a8c9a5db2ef70391aa6007e96356fbfa2ace1c46ce128dbede6a7e2e9765,2026-09-12
A00000679,ヒストリエ,,,,,TV,,,,,,,,,,,,,,,,,,,,,,,,,,,,,,,,,,,,,,,,,,,,,,,,,,,,,,,,,,,,,,discovery-key::19bdaa5d533e3ca2984985732bf83bdd7059eecaa3ab3a547f6bb1e8e5c7a016,2026-09-12
A00000680,はたらく細胞BLACK,,,,,TV,,,,,,,,,,,,,,,,,,,,,,,,,,,,,,,,,,,,,,,,,,,,,,,,,,,,,,,,,,,,,,discovery-key::e62f42414fde6dc566c45040b375adda6c009792ddf942df4d7b10e211115f05,2026-09-12
A00000681,インゴクダンチ,,,,,TV,,,,,,,,,,,,,,,,,,,,,,,,,,,,,,,,,,,,,,,,,,,,,,,,,,,,,,,,,,,,,,discovery-key::9c4917fffb67081343eae779ab55007a552df435995707a33a2a829b713731f5,2026-09-12
A00000682,君と花火と約束と,,,,,MOVIE,,,,,,,,,,,,,,,,,,,,,,,,,,,,,,,,,,,,,,,,,,,,,,,,,,,,,,,,,,,,,,discovery-key::93235b467fb828fbca23db59c629d89d3b633e285441ccc12eb64210e9f5f90f,2026-09-12
A00000683,ヤニねこ,,,,,TV,,,,,,,,,,,,,,,,,,,,,,,,,,,,,,,,,,,,,,,,,,,,,,,,,,,,,,,,,,,,,,discovery-key::ba5261319595d4bb91ac4ba2755df584d34dfd0c143462bf8e07f568af6df90a,2026-09-12
A00000684,「きみを愛する気はない」と言った次期公爵様がなぜか溺愛してきます,,,,,TV,,,,,,,,,,,,,,,,,,,,,,,,,,,,,,,,,,,,,,,,,,,,,,,,,,,,,,,,,,,,,,discovery-key::52cacebc5713a2b687cb7207f99f23f6b761a6bc605cf7bfb92d6ea1fc75bcef,2026-09-12
A00000685,バーテックスフォース,,,,,TV,,,,,,,,,,,,,,,,,,,,,,,,,,,,,,,,,,,,,,,,,,,,,,,,,,,,,,,,,,,,,,discovery-key::cd4f8688c2d3bfc866c48ee44b6a5ddd3c632ac3b33283d24ed2bfe16f5371ad,2026-09-12
A00000686,ペンと手錠と事実婚,,,,,TV,,,,,,,,,,,,,,,,,,,,,,,,,,,,,,,,,,,,,,,,,,,,,,,,,,,,,,,,,,,,,,discovery-key::5f59897af1fb7c7569b4f317c8d86e83ed10e7bbdcab2c335b0ede7d08a341ff,2026-09-12
A00000687,ビブリア古書堂の事件手帖,,,,,TV,,,,,,,,,,,,,,,,,,,,,,,,,,,,,,,,,,,,,,,,,,,,,,,,,,,,,,,,,,,,,,discovery-key::cbc5dba57a820cc4389442246cb752b1386fbbbd50a0a6c7d5b56aae3d6f5fca,2026-09-12
A00000688,終電後、カプセルホテルで、上司に微熱伝わる夜。,,,,,TV,,,,,,,,,,,,,,,,,,,,,,,,,,,,,,,,,,,,,,,,,,,,,,,,,,,,,,,,,,,,,,discovery-key::f3b0252d30f74dfb91efa4478ed451934ced6e14804804ef4bc62ec39ee7d5d0,2026-09-12
A00000689,パパだって、したい,,,,,TV,,,,,,,,,,,,,,,,,,,,,,,,,,,,,,,,,,,,,,,,,,,,,,,,,,,,,,,,,,,,,,discovery-key::917fbc588de5b1b9997df7e983e4bacae06d0ed9f52f7722e3a30615eff5567b,2026-09-12
A00000690,世界最強の魔女、始めました,,,,,TV,,,,,,,,,,,,,,,,,,,,,,,,,,,,,,,,,,,,,,,,,,,,,,,,,,,,,,,,,,,,,,discovery-key::60f9d337469ca5b952dc5f2bb52731545e35c2a384ff851feacdf5e70aa89473,2026-09-12
A00000691,獣王武神ダンデヴァイン,,,,,TV,,,,,,,,,,,,,,,,,,,,,,,,,,,,,,,,,,,,,,,,,,,,,,,,,,,,,,,,,,,,,,discovery-key::660c10e493f6d0026df93f6364c87c9466891f06dcf769b77ca893c80c4db87d,2026-09-12
A00000692,恋とプロデューサー~EVOL×LOVE~,,,,,TV,,,,,,,,,,,,,,,,,,,,,,,,,,,,,,,,,,,,,,,,,,,,,,,,,,,,,,,,,,,,,,discovery-key::647af2524a30522705100fd51f7cb8d17fe0676181354c12019b41ef7d3afd7b,2026-09-12
A00000693,地元最高!,,,,,ONA,,,,,,,,,,,,,,,,,,,,,,,,,,,,,,,,,,,,,,,,,,,,,,,,,,,,,,,,,,,,,,discovery-key::72e78789fb6c7381fb22dfa3f103954d7a701c3554526bb305ade1eb70cab52d,2026-09-12
A00000694,魔女と猟犬,,,,,TV,,,,,,,,,,,,,,,,,,,,,,,,,,,,,,,,,,,,,,,,,,,,,,,,,,,,,,,,,,,,,,discovery-key::2a2edd0a8fde153af2ba36a1b1f609365cb0872297f9258181ab959e33e06d71,2026-09-12
A00000695,100秒でわかる名作劇場,,,,,TV,,,,,,,,,,,,,,,,,,,,,,,,,,,,,,,,,,,,,,,,,,,,,,,,,,,,,,,,,,,,,,discovery-key::c97feb4b9653fbc120c4b384e0504888099da86bf86aa396aa7ab5707db88405,2026-09-12
A00000696,のあ先輩はともだち。,,,,,TV,,,,,,,,,,,,,,,,,,,,,,,,,,,,,,,,,,,,,,,,,,,,,,,,,,,,,,,,,,,,,,discovery-key::9a805d32b9fce4a6d94fc97095ffecef38f6cde25271a3d260609b182170a1e9,2026-09-12
A00000697,ゆるゆり,,,,,TV,,,,,S8a7665893f322504f219b07822fa33c42fbb2305260a66af7b212750e08c69ce,,,,,,,,,,,,,,,,,,,,,,,,,,,,,,,,,,,,,,,,,,,,,,,,,,,,,,,,,discovery-key::05dd9548e4945d34926376cb362c7c3be26ac008abb1a47d1ba50945f220d028,2026-09-12
A00000698,ドカ食いダイスキ! もちづきさん,,,,,TV,,,,,,,,,,,,,,,,,,,,,,,,,,,,,,,,,,,,,,,,,,,,,,,,,,,,,,,,,,,,,,discovery-key::671ed507b20089c0a36229ce100379c1b748c543bb979a8905d0ca6e32c569fa,2026-09-12
A00000699,メガネブ!,,,,,TV,,,,,,,,,,,,,,,,,,,,,,,,,,,,,,,,,,,,,,,,,,,,,,,,,,,,,,,,,,,,,,discovery-key::db6ace3669a5ffe5ff2bc17f9106a6ff7a7d989532de6299e64d77b34b156b05,2026-09-12
A00000700,ゆるゆり♪♪,,,,,TV,,,,,S8a7665893f322504f219b07822fa33c42fbb2305260a66af7b212750e08c69ce,,,,,,,,,,,,,,,,,,,,,,,,,,,,,,,,,,,,,,,,,,,,,,,,,,,,,,,,,discovery-key::f7781af2bb735ebbf9503b7121293026ed7a8345e28203fb1a491114ddd6a51c,2026-09-12
A00000701,昭和元禄落語心中,,,,,TV,,,,,,,,,,,,,,,,,,,,,,,,,,,,,,,,,,,,,,,,,,,,,,,,,,,,,,,,,,,,,,discovery-key::bee1f7643d15986090d8f8e7a32bcd0296646d3dabda47917553b3d14f4e533e,2026-09-12
A00000702,残響のテロル,,,,,TV,,,,,,,,,,,,,,,,,,,,,,,,,,,,,,,,,,,,,,,,,,,,,,,,,,,,,,,,,,,,,,discovery-key::45af670c3fde8709b297968ec2c583b0fb5236fac3949f7166e64d8d94090828,2026-09-12
A00000703,アルドノア・ゼロ,,,,,TV,,,,,,,,,,,,,,,,,,,,,,,,,,,,,,,,,,,,,,,,,,,,,,,,,,,,,,,,,,,,,,discovery-key::99465058687a72dbb0652e44c7823e65469d662a2f59e368689fb7e6333ed551,2026-09-12
A00000704,アンデルセン物語,,,,,TV,,,,,,,,,,,,,,,,,,,,,,,,,,,,,,,,,,,,,,,,,,,,,,,,,,,,,,,,,,,,,,discovery-key::cd7e63bb8ed997b1bd951d858e5d1c463330c113e2f37fbd444fcd40b7f0f067,2026-09-12
A00000705,スクールガールストライカーズ,,,,,TV,,,,,,,,,,,,,,,,,,,,,,,,,,,,,,,,,,,,,,,,,,,,,,,,,,,,,,,,,,,,,,discovery-key::3dc1f4203e207d069667a02d4f1e6e7128fa118dcda488b385c56ea7760caad4,2026-09-12
A00000706,劇場版 プリティーリズム・オールスターセレクション プリズムショー☆ベストテン,,,,,MOVIE,,,,,,,,,,,,,,,,,,,,,,,,,,,,,,,,,,,,,,,,,,,,,,,,,,,,,,,,,,,,,,discovery-key::09b69c983ab858eb46b50612a8e0b2e3b0afbbfcaf776bce85314e570eb2a7dd,2026-09-12
A00000707,シゴフミ,,,,,TV,,,,,,,,,,,,,,,,,,,,,,,,,,,,,,,,,,,,,,,,,,,,,,,,,,,,,,,,,,,,,,discovery-key::708f5a5b6f9427c3e4d6063d165e691851de8108a7df59db29cbe2a00a791e8c,2026-09-12
A00000708,ローリング☆ガールズ,,,,,TV,,,,,,,,,,,,,,,,,,,,,,,,,,,,,,,,,,,,,,,,,,,,,,,,,,,,,,,,,,,,,,discovery-key::39938b1dbb9108e2eb663ea64fcec0781be06c0bd329927a3997aa45ced09662,2026-09-12
A00000709,この世界の片隅に,,,,,MOVIE,,,,,,,,,,,,,,,,,,,,,,,,,,,,,,,,,,,,,,,,,,,,,,,,,,,,,,,,,,,,,,discovery-key::45f8e34a776bb902dad7b769480daea67ba70d85b9178cfbfe11c439526869ce,2026-09-12
A00000710,Charlotte,,,,,TV,,,,,,,,,,,,,,,,,,,,,,,,,,,,,,,,,,,,,,,,,,,,,,,,,,,,,,,,,,,,,,discovery-key::4a2b5e1822ca11588586eb912320817f3cf0c11cd5ec8937e78a8209505f4e84,2026-09-12
A00000711,乱歩奇譚 Game of Laplace,,,,,TV,,,,,,,,,,,,,,,,,,,,,,,,,,,,,,,,,,,,,,,,,,,,,,,,,,,,,,,,,,,,,,discovery-key::9ffd28b61ba6e7996a8633fff384813c92365f41b388d87bcad90fb34c207ae9,2026-09-12
A00000712,それが声優!,,,,,TV,,,,,,,,,,,,,,,,,,,,,,,,,,,,,,,,,,,,,,,,,,,,,,,,,,,,,,,,,,,,,,discovery-key::435add94b6f10461f9e03db08b4f97ef089b8429d9fbc7fedca61bd59e3baaf7,2026-09-12
A00000713,アイドルマスター シンデレラガールズ,,,,,TV,,,,,,,,,,,,,,,,,,,,,,,,,,,,,,,,,,,,,,,,,,,,,,,,,,,,,,,,,,,,,,discovery-key::b652823bab83d2c60c5368d75fbb7ed451dc0e4bae1907085e675af311357821,2026-09-12
A00000714,雨色ココア,,,,,TV,,,,,,,,,,,,,,,,,,,,,,,,,,,,,,,,,,,,,,,,,,,,,,,,,,,,,,,,,,,,,,discovery-key::d67a1565b91038204ffa077cc069357136bae002185bc56d987d93b013622be1,2026-09-12
A00000715,STEINS;GATE,,,,,TV,,,,,,,,,,,,,,,,,,,,,,,,,,,,,,,,,,,,,,,,,,,,,,,,,,,,,,,,,,,,,,discovery-key::4249a0499067f209e00ff0e185ad0c934005cda2834257afb0c8848b521ae83a,2026-09-12
A00000716,コメット・ルシファー,,,,,TV,,,,,,,,,,,,,,,,,,,,,,,,,,,,,,,,,,,,,,,,,,,,,,,,,,,,,,,,,,,,,,discovery-key::4f074f12422d58aba41417f2a4524cc2849b341b329297fdb95855ddbcafd1d3,2026-09-12
A00000717,Angel Beats!,,,,,TV,,,,,,,,,,,,,,,,,,,,,,,,,,,,,,,,,,,,,,,,,,,,,,,,,,,,,,,,,,,,,,discovery-key::9d72928421a5a008ec915ba03cbe111dd7c045fba029deead83cabc205b7314c,2026-09-12
A00000718,Fate/Zero,,,,,TV,,,,,,,,,,,,,,,,,,,,,,,,,,,,,,,,,,,,,,,,,,,,,,,,,,,,,,,,,,,,,,discovery-key::57af784fb433b1297e956cac1b6384028a433341641fdab3b3e8b062e8190c08,2026-09-12
A00000719,彼氏彼女の事情,,,,,TV,,,,,,,,,,,,,,,,,,,,,,,,,,,,,,,,,,,,,,,,,,,,,,,,,,,,,,,,,,,,,,discovery-key::a4711878e710292ebe32a563dfbeb6470d1da2e688d5d738d82878092f5a7cda,2026-09-12
A00000720,黒子のバスケ,,,,,TV,,,,,,,,,,,,,,,,,,,,,,,,,,,,,,,,,,,,,,,,,,,,,,,,,,,,,,,,,,,,,,discovery-key::eefeb12745b94ab47a466e1b86346aad8d4b2eb5f3555fa1d0a9ad63a69b2821,2026-09-12
A00000721,鎧真伝サムライトルーパー,,,,,TV,,,,,,,,,,,,,,,,,,,,,,,,,,,,,,,,,,,,,,,,,,,,,,,,,,,,,,,,,,,,,,discovery-key::9f9c593de79f2558235a5a15d0eaafe2c2275df6c90ca788201d797d2fdf35bb,2026-09-12
A00000722,ワガママハイスペック,,,,,TV,,,,,,,,,,,,,,,,,,,,,,,,,,,,,,,,,,,,,,,,,,,,,,,,,,,,,,,,,,,,,,discovery-key::42aa0a36ef6fbd60e9de5a494ce0e13789ecb577dd29099d15f0f452630c43b7,2026-09-12
A00000723,イロドリミドリ,,,,,TV,,,,,,,,,,,,,,,,,,,,,,,,,,,,,,,,,,,,,,,,,,,,,,,,,,,,,,,,,,,,,,discovery-key::c9cb368eaa92d825a05b058075fbc24b2f5aeb21e0c475a67dc1bbb5313af829,2026-09-12
A00000724,SUSHI POLICE,,,,,TV,,,,,,,,,,,,,,,,,,,,,,,,,,,,,,,,,,,,,,,,,,,,,,,,,,,,,,,,,,,,,,discovery-key::4928141e7ba3921a8b88469409a556a043287c460ed75fe5dba326412b68f2c3,2026-09-12
A00000725,おそ松さん,,,,,TV,,,,,,,,,,,,,,,,,,,,,,,,,,,,,,,,,,,,,,,,,,,,,,,,,,,,,,,,,,,,,,discovery-key::346839af04f64afc1a8fe3477ab9d03552529f5f4f3c20b04529da093b3f301d,2026-09-12
A00000726,宇宙パトロールルル子,,,,,TV,,,,,,,,,,,,,,,,,,,,,,,,,,,,,,,,,,,,,,,,,,,,,,,,,,,,,,,,,,,,,,discovery-key::b575aaf56ee45a6cc440d1877397b572a691536cf1ada91c3ef578aba1578e2f,2026-09-12
A00000727,フリップフラッパーズ,,,,,TV,,,,,,,,,,,,,,,,,,,,,,,,,,,,,,,,,,,,,,,,,,,,,,,,,,,,,,,,,,,,,,discovery-key::f4ce087f39245dec618e2ec36cbcc8cc2ef838fafedf1f850a059eff4e4c1f23,2026-09-12
A00000728,レガリア The Three Sacred Stars,,,,,TV,,,,,,,,,,,,,,,,,,,,,,,,,,,,,,,,,,,,,,,,,,,,,,,,,,,,,,,,,,,,,,discovery-key::ef434ff39a501f6d151afe93ea17068462fc24876770c11e00c743fa784cf7b5,2026-09-12
A00000729,モンスターハンター ストーリーズ RIDE ON,,,,,TV,,,,,,,,,,,,,,,,,,,,,,,,,,,,,,,,,,,,,,,,,,,,,,,,,,,,,,,,,,,,,,discovery-key::75ddecae94cd895088ce200f2c5d0fde0a4d19c966ad1503dd09d9bd3af50cb5,2026-09-12
A00000730,あはれ!名作くん,,,,,TV,,,,,,,,,,,,,,,,,,,,,,,,,,,,,,,,,,,,,,,,,,,,,,,,,,,,,,,,,,,,,,discovery-key::0f3d31382d4fc10f6174a340b7482862e63a8cea25d64ebed1c4fd3f927eccc0,2026-09-12
A00000731,劇場版 黒子のバスケ LAST GAME,,,,,MOVIE,,,,,,,,,,,,,,,,,,,,,,,,,,,,,,,,,,,,,,,,,,,,,,,,,,,,,,,,,,,,,,discovery-key::798996212725d74ad2bd7099b7d81b673ea34c21340f7e7a700303c6b1f1d47a,2026-09-12
A00000732,消滅都市,,,,,TV,,,,,,,,,,,,,,,,,,,,,,,,,,,,,,,,,,,,,,,,,,,,,,,,,,,,,,,,,,,,,,discovery-key::81d7e94adbf1f1863d1dda3f2c389f4c23fb329e112a16ef215f1815517ee323,2026-09-12
A00000733,MILPOM★,,,,,ONA,,,,,,,,,,,,,,,,,,,,,,,,,,,,,,,,,,,,,,,,,,,,,,,,,,,,,,,,,,,,,,discovery-key::98b4fe85c2f45ca9ef2a3820c51bed08bf962d649fbd10ea83448ba67738b7b3,2026-09-12
A00000734,凪のあすから,,,,,TV,,,,,,,,,,,,,,,,,,,,,,,,,,,,,,,,,,,,,,,,,,,,,,,,,,,,,,,,,,,,,,discovery-key::5a371c8284887ecea4739494e95fbf3cf0607d68d4bc0ff12ba3646325cf3cc5,2026-09-12
A00000735,アンデス少年ペペロの冒険,,,,,TV,,,,,,,,,,,,,,,,,,,,,,,,,,,,,,,,,,,,,,,,,,,,,,,,,,,,,,,,,,,,,,discovery-key::3f18c0a58ed8c67d29806f2c92b008e4819617976ad75aa1111c75cd7dd58c2e,2026-09-12
A00000736,ペイル・コクーン,,,,,OVA,,,,,,,,,,,,,,,,,,,,,,,,,,,,,,,,,,,,,,,,,,,,,,,,,,,,,,,,,,,,,,discovery-key::3ed366ecb4990a87c3fffca190336fa8a01dce2f88726f55c2a1ee3e54121017,2026-09-12
A00000737,CHEATING CRAFT,,,,,TV,,,,,,,,,,,,,,,,,,,,,,,,,,,,,,,,,,,,,,,,,,,,,,,,,,,,,,,,,,,,,,discovery-key::f236a57e2c3be87c49f2ef6d788a51b32cffedc625dfc21de30a527ad6ff559e,2026-09-12
A00000738,Bloodivores,,,,,TV,,,,,,,,,,,,,,,,,,,,,,,,,,,,,,,,,,,,,,,,,,,,,,,,,,,,,,,,,,,,,,discovery-key::6b82659d7883ff32578a2e8c3d722499b3ba6dfbc02e95db009d631ea3a05a73,2026-09-12
A00000739,魔法少女リリカルなのはA's,,,,,TV,,,,,,,,,,,,,,,,,,,,,,,,,,,,,,,,,,,,,,,,,,,,,,,,,,,,,,,,,,,,,,discovery-key::bc361d7d3b981b36a6490cc7c0d29507edf355d0f9d9af0f9d00094ec4f39310,2026-09-12
A00000740,魔法少女リリカルなのはStrikerS,,,,,TV,,,,,,,,,,,,,,,,,,,,,,,,,,,,,,,,,,,,,,,,,,,,,,,,,,,,,,,,,,,,,,discovery-key::163059ef85652245a2fe09827d23f85135b10c6e5722b1345117df22c83a3a0e,2026-09-12
A00000741,サクラクエスト,,,,,TV,,,,,,,,,,,,,,,,,,,,,,,,,,,,,,,,,,,,,,,,,,,,,,,,,,,,,,,,,,,,,,discovery-key::7a2959962a832e254b5740742877603d4dbbf6e54b4e00d7c566724b23eceaed,2026-09-12
A00000742,サンリオ男子,,,,,TV,,,,,,,,,,,,,,,,,,,,,,,,,,,,,,,,,,,,,,,,,,,,,,,,,,,,,,,,,,,,,,discovery-key::9a34e425b859a0d6266f8c24a95aeeac9badbbdc00db17377a4011808843c3a5,2026-09-12
A00000743,月がきれい,,,,,TV,,,,,,,,,,,,,,,,,,,,,,,,,,,,,,,,,,,,,,,,,,,,,,,,,,,,,,,,,,,,,,discovery-key::83140ac00514c06c312b4fbc11a53e7f57d3c907b90d2d3b115b6dcfa964fe69,2026-09-12
A00000744,虐殺器官,,,,,MOVIE,,,,,,,,,,,,,,,,,,,,,,,,,,,,,,,,,,,,,,,,,,,,,,,,,,,,,,,,,,,,,,discovery-key::6e6b1be2e06d6ecd5e68db50305f16779f1278c87463e96552f74c0d62047b6f,2026-09-12
A00000745,Just Because!,,,,,TV,,,,,,,,,,,,,,,,,,,,,,,,,,,,,,,,,,,,,,,,,,,,,,,,,,,,,,,,,,,,,,discovery-key::bf8c3a561ef6c34347f3f9905cf90414a93189a04a00ab359f17df1a3c224d0a,2026-09-12
A00000746,AKIBA'S TRIP -THE ANIMATION-,,,,,TV,,,,,,,,,,,,,,,,,,,,,,,,,,,,,,,,,,,,,,,,,,,,,,,,,,,,,,,,,,,,,,discovery-key::e69d2b402ce0dcad5ee68cd287b36849cd7ce03178ac77e7a405e9efcb424863,2026-09-12
A00000747,ダーリン・イン・ザ・フランキス,,,,,TV,,,,,,,,,,,,,,,,,,,,,,,,,,,,,,,,,,,,,,,,,,,,,,,,,,,,,,,,,,,,,,discovery-key::7ab836726c71443bd695cbdafe943e76d106d0982429fb769d568d7d1274f776,2026-09-12
A00000748,魔法少女リリカルなのは The MOVIE 2nd A's,,,,,MOVIE,,,,,S097cbd1982b28dd8b14eba0661a887ea763c45a51d523c47083906721502cf76,,,,,,,,,,,,,,,,,,,,,,,,,,,,,,,,,,,,,,,,,,,,,,,,,,,,,,,,,discovery-key::bbe02fad18fd30865c9fde2cbac651b3ae0868ff5aaa1f5ad5bf3b980dd084d8,2026-09-12
A00000749,ひそねとまそたん,,,,,TV,,,,,,,,,,,,,,,,,,,,,,,,,,,,,,,,,,,,,,,,,,,,,,,,,,,,,,,,,,,,,,discovery-key::f90ad91b13a57fbcab6cc304bba27f895def237df3602e933aeb8190ea7c2c76,2026-09-12
A00000750,Fate/Apocrypha,,,,,TV,,,,,,,,,,,,,,,,,,,,,,,,,,,,,,,,,,,,,,,,,,,,,,,,,,,,,,,,,,,,,,discovery-key::7d1b5c962d88a0dbbfd4ac7ae8b59e605a321500544afc394b92fe823f6308b6,2026-09-12
A00000751,アキバ系彼女,,,,,OVA,,,,,,,,,,,,,,,,,,,,,,,,,,,,,,,,,,,,,,,,,,,,,,,,,,,,,,,,,,,,,,discovery-key::0f2d277eb3092265a05ac24da4907180b332280a45c7cee79669b07f76dc8e20,2026-09-12
A00000752,B:The Beginning,,,,,ONA,,,,,,,,,,,,,,,,,,,,,,,,,,,,,,,,,,,,,,,,,,,,,,,,,,,,,,,,,,,,,,discovery-key::e5b1c726dd0c30257d628254567afde4840a8dd0b0960c9e06d4a727a85e290c,2026-09-12
A00000753,Gdメン,,,,,TV,,,,,,,,,,,,,,,,,,,,,,,,,,,,,,,,,,,,,,,,,,,,,,,,,,,,,,,,,,,,,,discovery-key::dec60dca502f198cc203b01fc1ba99575130255c376408c9e22f74145abccec8,2026-09-12
A00000754,Cutie Honey Universe,,,,,TV,,,,,,,,,,,,,,,,,,,,,,,,,,,,,,,,,,,,,,,,,,,,,,,,,,,,,,,,,,,,,,discovery-key::b565a93df61126e9f2c3e65663844926f4475829248eb6469c1b032eb6356f93,2026-09-12
A00000755,天狼 Sirius the Jaeger,,,,,TV,,,,,,,,,,,,,,,,,,,,,,,,,,,,,,,,,,,,,,,,,,,,,,,,,,,,,,,,,,,,,,discovery-key::d1c241568bab7c44f6e986a60c3481c6deab8e10e8d65b922e2fc051031ad408,2026-09-12
A00000756,色づく世界の明日から,,,,,TV,,,,,,,,,,,,,,,,,,,,,,,,,,,,,,,,,,,,,,,,,,,,,,,,,,,,,,,,,,,,,,discovery-key::abe2dac21e0a1b5ca9f5d380607acca08deb90e38ba4276a59c18e19c24b137e,2026-09-12
A00000757,ヘタリア,,,,,TV,,,,,,,,,,,,,,,,,,,,,,,,,,,,,,,,,,,,,,,,,,,,,,,,,,,,,,,,,,,,,,discovery-key::1438316f6106cf0e8d4fbdbbc7f78c631909e5b07511f1f42bb0a5d9303adc46,2026-09-12
A00000758,BLACKFOX,,,,,MOVIE,,,,,,,,,,,,,,,,,,,,,,,,,,,,,,,,,,,,,,,,,,,,,,,,,,,,,,,,,,,,,,discovery-key::5217f47a2be280a2dca35a2234d51ed2bdbc7dcb2ede9d4d9fa6db2abf5e20a4,2026-09-12
A00000759,監獄学園,,,,,TV,,,,,,,,,,,,,,,,,,,,,,,,,,,,,,,,,,,,,,,,,,,,,,,,,,,,,,,,,,,,,,discovery-key::67dd6a9335c60f966a1e76ebd4a443150852adb56f9b18cf1519366c8fe4c526,2026-09-12
A00000760,彼女と彼女の猫 -Everything Flows-,,,,,TV,,,,,,,,,,,,,,,,,,,,,,,,,,,,,,,,,,,,,,,,,,,,,,,,,,,,,,,,,,,,,,discovery-key::c561d8e759da839fa25afb0b1d07f34d6e6ecb4fea5f0325aa923b99d0461c43,2026-09-12
A00000761,レイトン ミステリー探偵社 ~カトリーのナゾトキファイル~,,,,,TV,,,,,,,,,,,,,,,,,,,,,,,,,,,,,,,,,,,,,,,,,,,,,,,,,,,,,,,,,,,,,,discovery-key::e34824b0a071dd04e4389c1bd8141b36032e5b5d32346716c7cba05ee1f9fc1c,2026-09-12
A00000762,W'z《ウィズ》,,,,,TV,,,,,,,,,,,,,,,,,,,,,,,,,,,,,,,,,,,,,,,,,,,,,,,,,,,,,,,,,,,,,,discovery-key::57ddec96311b6de7cd96e31fce860602222249abd63dae0028e936766dcd2114,2026-09-12
A00000763,地球外少年少女,,,,,ONA,,,,,,,,,,,,,,,,,,,,,,,,,,,,,,,,,,,,,,,,,,,,,,,,,,,,,,,,,,,,,,discovery-key::262c96b24b8855a0529718b15eadbea14481d2d4b437679ac2c9cd95ad30dae2,2026-09-12
A00000764,えんどろ〜!,,,,,TV,,,,,,,,,,,,,,,,,,,,,,,,,,,,,,,,,,,,,,,,,,,,,,,,,,,,,,,,,,,,,,discovery-key::12923ca1dc5fc17b9ead60d5b4b69c19209bcbdd010269440ab2907d66f64e9e,2026-09-12
A00000765,嫌な顔されながらおパンツ見せてもらいたい,,,,,ONA,,,,,,,,,,,,,,,,,,,,,,,,,,,,,,,,,,,,,,,,,,,,,,,,,,,,,,,,,,,,,,discovery-key::901b5d841a65021e833dc6cbcc33e308f0ec71fe31d7eb790552fbbf35a172e2,2026-09-12
A00000766,ドールズフロントライン,,,,,TV,,,,,,,,,,,,,,,,,,,,,,,,,,,,,,,,,,,,,,,,,,,,,,,,,,,,,,,,,,,,,,discovery-key::3e38607a025b2d7155e5cbd0664d3fc29e63a8c6a0c95f35a12e997c3f1cfa61,2026-09-12
A00000767,ぼくらの,,,,,TV,,,,,,,,,,,,,,,,,,,,,,,,,,,,,,,,,,,,,,,,,,,,,,,,,,,,,,,,,,,,,,discovery-key::2c8bbd6a01da18e92c59d9782d78ec683a2f379145ec281110ff4b58063edf8d,2026-09-12
A00000768,青の祓魔師 ―劇場版―,,,,,MOVIE,,,,,,,,,,,,,,,,,,,,,,,,,,,,,,,,,,,,,,,,,,,,,,,,,,,2012-12-28,,,,,,,,,,,discovery-key::20a7fa6850e0b447bd21f4e9c9844aea7a8b24bfbab5738b98b545522e43fda7,2026-09-12
A00000769,彼女と彼女の猫,,,,,OVA,,,,,,,,,,,,,,,,,,,,,,,,,,,,,,,,,,,,,,,,,,,,,,,,,,,,,,,,,,,,,,discovery-key::ca42babe20c165f3d2ea4bd78313b3ff7588dca493d0792e621e598e6a1e839c,2026-09-12
A00000770,HERO MASK,,,,,ONA,,,,,,,,,,,,,,,,,,,,,,,,,,,,,,,,,,,,,,,,,,,,,,,,,,,,,,,,,,,,,,discovery-key::22d6bc6b46b1e6010bb46d1546dff764e1da0d84241e961c4f7b571a01065bdc,2026-09-12
A00000771,ケムリクサ,,,,,TV,,,,,,,,,,,,,,,,,,,,,,,,,,,,,,,,,,,,,,,,,,,,,,,,,,,,,,,,,,,,,,discovery-key::f2d010c17320ac850f0be58988475eeb3a7ab1d5be05673161de2f60ed8b0aea,2026-09-12
A00000772,プロメア,,,,,MOVIE,,,,,,,,,,,,,,,,,,,,,,,,,,,,,,,,,,,,,,,,,,,,,,,,,,,,,,,,,,,,,,discovery-key::d6f4672a58047f6a604466599adf19eee78bc645d2ae83d56f963f58a4a30123,2026-09-12
A00000773,天気の子,,,,,MOVIE,,,,,,,,,,,,,,,,,,,,,,,,,,,,,,,,,,,,,,,,,,,,,,,,,,,,,,,,,,,,,,discovery-key::35d9a46aa4405995d390829f84b05c4430397aa45dfb8480d622b562544d2783,2026-09-12
A00000774,サカサマのパテマ,,,,,MOVIE,,,,,,,,,,,,,,,,,,,,,,,,,,,,,,,,,,,,,,,,,,,,,,,,,,,,,,,,,,,,,,discovery-key::8428039f68a4e67cd8404813e461c373985d303d52abc92352c1e4f972aa8d54,2026-09-12
A00000775,ちびまる子ちゃん,,,,,TV,,,,,,,,,,,,,,,,,,,,,,,,,,,,,,,,,,,,,,,,,,,,,,,,,,,,,,,,,,,,,,discovery-key::ec14469713c27854743915296b12afdc6e922b4bcc348bf8cabdcb20b548b5dc,2026-09-12
A00000776,僕だけがいない街,,,,,TV,,,,,,,,,,,,,,,,,,,,,,,,,,,,,,,,,,,,,,,,,,,,,,,,,,,,,,,,,,,,,,discovery-key::8bb79964ce4031316ffe572b42122ffdf8c6e6c020d10add89a9e9c46e112d37,2026-09-12
A00000777,フライングベイビーズ,,,,,TV,,,,,,,,,,,,,,,,,,,,,,,,,,,,,,,,,,,,,,,,,,,,,,,,,,,,,,,,,,,,,,discovery-key::3b0ae9a7e3f2e33adcec925d44074d11c88cb7720f30592635ccc413aff86558,2026-09-12
A00000778,この勇者が俺TUEEEくせに慎重すぎる,,,,,TV,,,,,,,,,,,,,,,,,,,,,,,,,,,,,,,,,,,,,,,,,,,,,,,,,,,,,,,,,,,,,,discovery-key::7562ea92382935b407e5a2e8be41290928611c0d9b223e88b18f27f3a151495c,2026-09-12
A00000779,女子かう生,,,,,TV,,,,,,,,,,,,,,,,,,,,,,,,,,,,,,,,,,,,,,,,,,,,,,,,,,,,,,,,,,,,,,discovery-key::7b33e35c32e3fe29a8ded5ba15f75ecb2b01c56fe758dd4001e060400319b4a6,2026-09-12
A00000780,徒然チルドレン,,,,,TV,,,,,,,,,,,,,,,,,,,,,,,,,,,,,,,,,,,,,,,,,,,,,,,,,,,,,,,,,,,,,,discovery-key::d8c6d0966afdb15486a7005b78a3ae79dd02940771b2f1a8eb7fdf425b27971e,2026-09-12
A00000781,変態王子と笑わない猫。,,,,,TV,,,,,,,,,,,,,,,,,,,,,,,,,,,,,,,,,,,,,,,,,,,,,,,,,,,,,,,,,,,,,,discovery-key::8d3d4c0a3f6a5f7e408fda9674166459e2ab7cafaa7d10eb40f1d3b5e6ce1e64,2026-09-12
A00000782,WHITE ALBUM2,,,,,TV,,,,,,,,,,,,,,,,,,,,,,,,,,,,,,,,,,,,,,,,,,,,,,,,,,,,,,,,,,,,,,discovery-key::d24e24a3f79dda895040b1b3582a05e90be3ead757f66df6287941fb45e57791,2026-09-12
A00000783,アニマエール!,,,,,TV,,,,,,,,,,,,,,,,,,,,,,,,,,,,,,,,,,,,,,,,,,,,,,,,,,,,,,,,,,,,,,discovery-key::bb5ba1c64f86c6ad2740d70719c443041d652f59e0018cf5b6ffed0a6b5d2d30,2026-09-12
A00000784,モンスター娘のいる日常,,,,,TV,,,,,,,,,,,,,,,,,,,,,,,,,,,,,,,,,,,,,,,,,,,,,,,,,,,,,,,,,,,,,,discovery-key::d7b7d02badc072a3b196b4258255a07f2e628a9324f06abce66f4235dfd8801b,2026-09-12
A00000785,キノの旅 -the Beautiful World- the Animated Series,,,,,TV,,,,,,,,,,,,,,,,,,,,,,,,,,,,,,,,,,,,,,,,,,,,,,,,,,,,,,,,,,,,,,discovery-key::b18547faf3430dea0372f27591ece3e36dc76e390fa15d2617293d827120dc6a,2026-09-12
A00000786,八月のシンデレラナイン,,,,,TV,,,,,,,,,,,,,,,,,,,,,,,,,,,,,,,,,,,,,,,,,,,,,,,,,,,,,,,,,,,,,,discovery-key::acad17a36f1f8f2f95c8161039c7082f7adbade9fb2aa082f23251d4f3ac0c76,2026-09-12
A00000787,約束のネバーランド,,,,,TV,,,,,,,,,,,,,,,,,,,,,,,,,,,,,,,,,,,,,,,,,,,,,,,,,,,,,,,,,,,,,,discovery-key::b0f080a77dd88a76c9866f8415b820a2f44a89bdb452c4f42e6c3ab776e05022,2026-09-12
A00000788,はねバド!,,,,,TV,,,,,,,,,,,,,,,,,,,,,,,,,,,,,,,,,,,,,,,,,,,,,,,,,,,,,,,,,,,,,,discovery-key::22244bfb1b9a32c5d7c66f30769ce6280f6a5111a5c8f9e3a5c5ca6f5336e156,2026-09-12
A00000789,コップクラフト,,,,,TV,,,,,,,,,,,,,,,,,,,,,,,,,,,,,,,,,,,,,,,,,,,,,,,,,,,,,,,,,,,,,,discovery-key::61d12ac83c01a154a7a3a80a25e5bf9e4b932f52399c63c62a0808070baf9594,2026-09-12
A00000790,ぱすてるメモリーズ,,,,,TV,,,,,,,,,,,,,,,,,,,,,,,,,,,,,,,,,,,,,,,,,,,,,,,,,,,,,,,,,,,,,,discovery-key::dbc895e065e6a32291d7f083414d8377aba4b0ad32d6d95df0f9d63f0ba1beb9,2026-09-12
A00000791,あひるの空,,,,,TV,,,,,,,,,,,,,,,,,,,,,,,,,,,,,,,,,,,,,,,,,,,,,,,,,,,,,,,,,,,,,,discovery-key::d901813c84f2317f1d0926ffa7f0c6120cd38036fb96ea4206788f89dc936bb2,2026-09-12
A00000792,潔癖男子!青山くん,,,,,TV,,,,,,,,,,,,,,,,,,,,,,,,,,,,,,,,,,,,,,,,,,,,,,,,,,,,,,,,,,,,,,discovery-key::0b52105f08eb559a5f1cd03cbdb3779c20128219fa80447f1f506ba7bcc04a4e,2026-09-12
A00000793,八十亀ちゃんかんさつにっき,,,,,TV,,,,,,,,,,,,,,,,,,,,,,,,,,,,,,,,,,,,,,,,,,,,,,,,,,,,,,,,,,,,,,discovery-key::350ed26fca7e68ccf3e076d60cf1547b13dbd781af55aa4192ab94bdac91f650,2026-09-12
A00000794,ヤマノススメ,,,,,TV,,,,,,,,,,,,,,,,,,,,,,,,,,,,,,,,,,,,,,,,,,,,,,,,,,,,,,,,,,,,,,discovery-key::e1cc4774017faba5e8ec4310b8510625236af7a81b5ab17e79ce762447559ac0,2026-09-12
A00000795,きみと、波にのれたら,,,,,MOVIE,,,,,,,,,,,,,,,,,,,,,,,,,,,,,,,,,,,,,,,,,,,,,,,,,,,,,,,,,,,,,,discovery-key::e1f3731688f9bcfb35527a131e5e3edf8e803b785f793e4f9429db3849651eb7,2026-09-12
A00000796,グランベルム,,,,,TV,,,,,,,,,,,,,,,,,,,,,,,,,,,,,,,,,,,,,,,,,,,,,,,,,,,,,,,,,,,,,,discovery-key::d120826faa50ace3e295ea2083702b444e4de181069624400dcfb22d863a1212,2026-09-12
A00000797,こみっくがーるず,,,,,TV,,,,,,,,,,,,,,,,,,,,,,,,,,,,,,,,,,,,,,,,,,,,,,,,,,,,,,,,,,,,,,discovery-key::5cdc50a2b373d91b547084b4e6342250711ab3d70baff900f04b1c1fb6c7f317,2026-09-12
A00000798,同居人はひざ、時々、頭のうえ。,,,,,TV,,,,,,,,,,,,,,,,,,,,,,,,,,,,,,,,,,,,,,,,,,,,,,,,,,,,,,,,,,,,,,discovery-key::385d7a34e3f9b6b344f5f3f49af778a3b5a7cda0767fc9d43ada24cd39deacd4,2026-09-12
A00000799,HELLO WORLD,,,,,MOVIE,,,,,,,,,,,,,,,,,,,,,,,,,,,,,,,,,,,,,,,,,,,,,,,,,,,,,,,,,,,,,,discovery-key::936a185caaa266bb9cbe981e9e05cb78cd732b0b3280eb944412bb6f8f8f07af,2026-09-12
A00000800,魔女見習いをさがして,,,,,MOVIE,,,,,,,,,,,,,,,,,,,,,,,,,,,,,,,,,,,,,,,,,,,,,,,,,,,,,,,,,,,,,,discovery-key::4163f3cd3d141a64425a299eb384baa87f0b0f53b0171830387810a1187d2f74,2026-09-12
A00000801,ガーリー・エアフォース,,,,,TV,,,,,,,,,,,,,,,,,,,,,,,,,,,,,,,,,,,,,,,,,,,,,,,,,,,,,,,,,,,,,,discovery-key::cc1c8e2d9ee1c42fcf8caebedf827d61059ab6333b5f82421e52a0bb78964325,2026-09-12
A00000802,デスマーチからはじまる異世界狂想曲,,,,,TV,,,,,,,,,,,,,,,,,,,,,,,,,,,,,,,,,,,,,,,,,,,,,,,,,,,,,,,,,,,,,,discovery-key::50d7f910963cbbfb1767b54f0f315d06c9d189ad3878fbfc2bda47c9e5d9b24a,2026-09-12
A00000803,スロウスタート,,,,,TV,,,,,,,,,,,,,,,,,,,,,,,,,,,,,,,,,,,,,,,,,,,,,,,,,,,,,,,,,,,,,,discovery-key::aab6948bd8adfd9449ad09846817cf2dc094ac958a81a064b59fc63d7824d793,2026-09-12
A00000804,となりの吸血鬼さん,,,,,TV,,,,,,,,,,,,,,,,,,,,,,,,,,,,,,,,,,,,,,,,,,,,,,,,,,,,,,,,,,,,,,discovery-key::6369904b356c3c65f09e115578e1cf75ce644ad3412f1950facf8105e5c7484b,2026-09-12
A00000805,博多豚骨ラーメンズ,,,,,TV,,,,,,,,,,,,,,,,,,,,,,,,,,,,,,,,,,,,,,,,,,,,,,,,,,,,,,,,,,,,,,discovery-key::a6b39d38f28e24bed53e625ca76cb7bc5cf43cdee9abc64ce99a8027c7a82c2b,2026-09-12
A00000806,りゅうおうのおしごと!,,,,,TV,,,,,,,,,,,,,,,,,,,,,,,,,,,,,,,,,,,,,,,,,,,,,,,,,,,,,,,,,,,,,,discovery-key::d6ba62d0c030710036276ab0d56bbc27854be3cf9ac68b44705b51767d9a136d,2026-09-12
A00000807,学園ベビーシッターズ,,,,,TV,,,,,,,,,,,,,,,,,,,,,,,,,,,,,,,,,,,,,,,,,,,,,,,,,,,,,,,,,,,,,,discovery-key::9e4079a411c6b635265d963b64fb81cd7389a0b14ec7b8163315134891793b6f,2026-09-12
A00000808,食戟のソーマ,,,,,TV,,,,,,,,,,,,,,,,,,,,,,,,,,,,,,,,,,,,,,,,,,,,,,,,,,,,,,,,,,,,,,discovery-key::009d0752b4dc89b3aa7ee6b69bc55f9a32c92984cbf46bacb5440c03e5159c5f,2026-09-12
